friendlier_id_hud_acs_5yr_chas_estimate_data_by_county_2016_2020_fields,field_name,field_type_hud_acs_5yr_chas_estimate_data_by_county_2016_2020_fields,definition_hud_acs_5yr_chas_estimate_data_by_county_2016_2020_fields,friendlier_id_hud_acs_5yr_chas_estimate_data_by_county_2016_2020_fields2,definition_hud_acs_5yr_chas_estimate_data_by_county_2016_2020_fields2,match_status,unmatched_source
b1g_joGbEOvFDroC,OBJECTID,esriFieldTypeOID,OBJECTID,b1g_joGbEOvFDroC,"In ArcGIS, a system-managed value that uniquely identifies a record or feature.",matched,
b1g_joGbEOvFDroC,GEOID,esriFieldTypeString,GEOID,b1g_joGbEOvFDroC,Geographic Identifier - fully concatenated geographic code (State FIPS and County FIPS),matched,
b1g_joGbEOvFDroC,STATE,esriFieldTypeString,STATE,b1g_joGbEOvFDroC,Census 2-digit FIPS State Code,matched,
b1g_joGbEOvFDroC,COUNTY,esriFieldTypeString,COUNTY,,,unmatched,hud_acs_5yr_chas_estimate_data_by_county_2016-2020_fields
b1g_joGbEOvFDroC,NAME,esriFieldTypeString,NAME,b1g_joGbEOvFDroC,County Name,matched,
b1g_joGbEOvFDroC,T2_EST1,esriFieldTypeDouble,T2_EST1,b1g_joGbEOvFDroC,Total: Occupied housing units,matched,
b1g_joGbEOvFDroC,T8_EST69,esriFieldTypeDouble,T8_EST69,b1g_joGbEOvFDroC,Renter occupied AND household income is less than or equal to 30% of HAMFI,matched,
b1g_joGbEOvFDroC,T8_EST82,esriFieldTypeInteger,T8_EST82,b1g_joGbEOvFDroC,Renter occupied AND household income is greater than 30% but less than or equal to 50% of HAMFI,matched,
b1g_joGbEOvFDroC,T8_EST95,esriFieldTypeDouble,T8_EST95,b1g_joGbEOvFDroC,Renter occupied AND household income is greater than 50% but less than or equal to 80% of HAMFI,matched,
b1g_joGbEOvFDroC,T8_EST108,esriFieldTypeInteger,T8_EST108,b1g_joGbEOvFDroC,Renter occupied AND household income is greater than 80% but less than or equal to 100% of HAMFI,matched,
b1g_joGbEOvFDroC,T8_EST68,esriFieldTypeDouble,T8_EST68,b1g_joGbEOvFDroC,Renter occupied,matched,
b1g_joGbEOvFDroC,T8_EST3,esriFieldTypeInteger,T8_EST3,b1g_joGbEOvFDroC,Owner occupied AND household income is less than or equal to 30% of HAMFI,matched,
b1g_joGbEOvFDroC,T8_EST16,esriFieldTypeInteger,T8_EST16,b1g_joGbEOvFDroC,Owner occupied AND household income is greater than 30% but less than or equal to 50% of HAMFI,matched,
b1g_joGbEOvFDroC,T8_EST29,esriFieldTypeDouble,T8_EST29,b1g_joGbEOvFDroC,Owner occupied AND household income is greater than 50% but less than or equal to 80% of HAMFI,matched,
b1g_joGbEOvFDroC,T8_EST42,esriFieldTypeInteger,T8_EST42,b1g_joGbEOvFDroC,Owner occupied AND household income is greater than 80% but less than or equal to 100% of HAMFI,matched,
b1g_joGbEOvFDroC,T8_EST2,esriFieldTypeDouble,T8_EST2,b1g_joGbEOvFDroC,Owner occupied,matched,
b1g_joGbEOvFDroC,T3_EST47,esriFieldTypeInteger,T3_EST47,b1g_joGbEOvFDroC,Renter occupied AND lacking complete plumbing or kitchen facilities AND household income is less than or equal to 30% of HAMFI,matched,
b1g_joGbEOvFDroC,T3_EST48,esriFieldTypeInteger,T3_EST48,b1g_joGbEOvFDroC,Renter occupied AND lacking complete plumbing or kitchen facilities AND household income is greater than 30% but less than or equal to 50% of HAMFI,matched,
b1g_joGbEOvFDroC,T3_EST49,esriFieldTypeInteger,T3_EST49,b1g_joGbEOvFDroC,Renter occupied AND lacking complete plumbing or kitchen facilities AND household income is greater than 50% but less than or equal to 80% of HAMFI,matched,
b1g_joGbEOvFDroC,T3_EST50,esriFieldTypeInteger,T3_EST50,b1g_joGbEOvFDroC,Renter occupied AND lacking complete plumbing or kitchen facilities AND household income is greater than 80% but less than or equal to 100% of HAMFI,matched,
b1g_joGbEOvFDroC,T3_EST46,esriFieldTypeInteger,T3_EST46,b1g_joGbEOvFDroC,Renter occupied AND lacking complete plumbing or kitchen facilities,matched,
b1g_joGbEOvFDroC,T3_EST4,esriFieldTypeInteger,T3_EST4,b1g_joGbEOvFDroC,Owner occupied AND lacking complete plumbing or kitchen facilities AND household income is less than or equal to 30% of HAMFI,matched,
b1g_joGbEOvFDroC,T3_EST5,esriFieldTypeInteger,T3_EST5,b1g_joGbEOvFDroC,Owner occupied AND lacking complete plumbing or kitchen facilities AND household income is greater than 30% but less than or equal to 50% of HAMFI,matched,
b1g_joGbEOvFDroC,T3_EST6,esriFieldTypeInteger,T3_EST6,b1g_joGbEOvFDroC,Owner occupied AND lacking complete plumbing or kitchen facilities AND household income is greater than 50% but less than or equal to 80% of HAMFI,matched,
b1g_joGbEOvFDroC,T3_EST7,esriFieldTypeInteger,T3_EST7,b1g_joGbEOvFDroC,Owner occupied AND lacking complete plumbing or kitchen facilities AND household income is greater than 80% but less than or equal to 100% of HAMFI,matched,
b1g_joGbEOvFDroC,T3_EST3,esriFieldTypeInteger,T3_EST3,b1g_joGbEOvFDroC,Owner occupied AND lacking complete plumbing or kitchen facilities,matched,
b1g_joGbEOvFDroC,T3_EST53,esriFieldTypeInteger,T3_EST53,b1g_joGbEOvFDroC,"Renter occupied AND with more than 1.5 persons per room, None of the needs above AND household income is less than or equal to 30% of HAMFI",matched,
b1g_joGbEOvFDroC,T3_EST54,esriFieldTypeInteger,T3_EST54,b1g_joGbEOvFDroC,"Renter occupied AND with more than 1.5 persons per room, None of the needs above AND household income is greater than 30% but less than or equal to 50% of HAMFI",matched,
b1g_joGbEOvFDroC,T3_EST55,esriFieldTypeInteger,T3_EST55,b1g_joGbEOvFDroC,"Renter occupied AND with more than 1.5 persons per room, None of the needs above AND household income is greater than 50% but less than or equal to 80% of HAMFI",matched,
b1g_joGbEOvFDroC,T3_EST56,esriFieldTypeInteger,T3_EST56,b1g_joGbEOvFDroC,"Renter occupied AND with more than 1.5 persons per room, None of the needs above AND household income is greater than 80% but less than or equal to 100% of HAMFI",matched,
b1g_joGbEOvFDroC,T3_EST52,esriFieldTypeInteger,T3_EST52,b1g_joGbEOvFDroC,"Renter occupied AND with more than 1.5 persons per room, None of the needs above",matched,
b1g_joGbEOvFDroC,T3_EST10,esriFieldTypeInteger,T3_EST10,b1g_joGbEOvFDroC,"Owner occupied AND with more than 1.5 persons per room, None of the needs above AND household income is less than or equal to 30% of HAMFI",matched,
b1g_joGbEOvFDroC,T3_EST11,esriFieldTypeInteger,T3_EST11,b1g_joGbEOvFDroC,"Owner occupied AND with more than 1.5 persons per room, None of the needs above AND household income is greater than 30% but less than or equal to 50% of HAMFI",matched,
b1g_joGbEOvFDroC,T3_EST12,esriFieldTypeInteger,T3_EST12,b1g_joGbEOvFDroC,"Owner occupied AND with more than 1.5 persons per room, None of the needs above AND household income is greater than 50% but less than or equal to 80% of HAMFI",matched,
b1g_joGbEOvFDroC,T3_EST13,esriFieldTypeInteger,T3_EST13,b1g_joGbEOvFDroC,"Owner occupied AND with more than 1.5 persons per room, None of the needs above AND household income is greater than 80% but less than or equal to 100% of HAMFI",matched,
b1g_joGbEOvFDroC,T3_EST9,esriFieldTypeInteger,T3_EST9,b1g_joGbEOvFDroC,"Owner occupied AND with more than 1.5 persons per room, None of the needs above",matched,
b1g_joGbEOvFDroC,T3_EST59,esriFieldTypeInteger,T3_EST59,b1g_joGbEOvFDroC,"Renter occupied AND with more than 1 but less than or equal to 1.5 persons per room, None of the needs above AND household income is less than or equal to 30% of HAMFI",matched,
b1g_joGbEOvFDroC,T3_EST60,esriFieldTypeInteger,T3_EST60,b1g_joGbEOvFDroC,"Renter occupied AND with more than 1 but less than or equal to 1.5 persons per room, None of the needs above AND household income is greater than 30% but less than or equal to 50% of HAMFI",matched,
b1g_joGbEOvFDroC,T3_EST61,esriFieldTypeInteger,T3_EST61,b1g_joGbEOvFDroC,"Renter occupied AND with more than 1 but less than or equal to 1.5 persons per room, None of the needs above AND household income is greater than 50% but less than or equal to 80% of HAMFI",matched,
b1g_joGbEOvFDroC,T3_EST62,esriFieldTypeInteger,T3_EST62,b1g_joGbEOvFDroC,"Renter occupied AND with more than 1 but less than or equal to 1.5 persons per room, None of the needs above AND household income is greater than 80% but less than or equal to 100% of HAMFI",matched,
b1g_joGbEOvFDroC,T3_EST58,esriFieldTypeInteger,T3_EST58,b1g_joGbEOvFDroC,"Renter occupied AND with more than 1 but less than or equal to 1.5 persons per room, None of the needs above",matched,
b1g_joGbEOvFDroC,T3_EST16,esriFieldTypeInteger,T3_EST16,b1g_joGbEOvFDroC,"Owner occupied AND with more than 1 but less than or equal to 1.5 persons per room, None of the needs above AND household income is less than or equal to 30% of HAMFI",matched,
b1g_joGbEOvFDroC,T3_EST17,esriFieldTypeInteger,T3_EST17,b1g_joGbEOvFDroC,"Owner occupied AND with more than 1 but less than or equal to 1.5 persons per room, None of the needs above AND household income is greater than 30% but less than or equal to 50% of HAMFI",matched,
b1g_joGbEOvFDroC,T3_EST18,esriFieldTypeInteger,T3_EST18,b1g_joGbEOvFDroC,"Owner occupied AND with more than 1 but less than or equal to 1.5 persons per room, None of the needs above AND household income is greater than 50% but less than or equal to 80% of HAMFI",matched,
b1g_joGbEOvFDroC,T3_EST19,esriFieldTypeInteger,T3_EST19,b1g_joGbEOvFDroC,"Owner occupied AND with more than 1 but less than or equal to 1.5 persons per room, None of the needs above AND household income is greater than 80% but less than or equal to 100% of HAMFI",matched,
b1g_joGbEOvFDroC,T3_EST15,esriFieldTypeInteger,T3_EST15,b1g_joGbEOvFDroC,"Owner occupied AND with more than 1 but less than or equal to 1.5 persons per room, None of the needs above",matched,
b1g_joGbEOvFDroC,T3_EST65,esriFieldTypeInteger,T3_EST65,b1g_joGbEOvFDroC,"Renter occupied AND with housing cost burden greater than 50%, None of the needs above AND household income is less than or equal to 30% of HAMFI",matched,
b1g_joGbEOvFDroC,T3_EST66,esriFieldTypeInteger,T3_EST66,b1g_joGbEOvFDroC,"Renter occupied AND with housing cost burden greater than 50%, None of the needs above AND household income is greater than 30% but less than or equal to 50% of HAMFI",matched,
b1g_joGbEOvFDroC,T3_EST67,esriFieldTypeInteger,T3_EST67,b1g_joGbEOvFDroC,"Renter occupied AND with housing cost burden greater than 50%, None of the needs above AND household income is greater than 50% but less than or equal to 80% of HAMFI",matched,
b1g_joGbEOvFDroC,T3_EST68,esriFieldTypeInteger,T3_EST68,b1g_joGbEOvFDroC,"Renter occupied AND with housing cost burden greater than 50%, None of the needs above AND household income is greater than 80% but less than or equal to 100% of HAMFI",matched,
b1g_joGbEOvFDroC,T3_EST64,esriFieldTypeDouble,T3_EST64,b1g_joGbEOvFDroC,"Renter occupied AND with housing cost burden greater than 50%, None of the needs above",matched,
b1g_joGbEOvFDroC,T3_EST22,esriFieldTypeInteger,T3_EST22,b1g_joGbEOvFDroC,"Owner occupied AND with housing cost burden greater than 50%, None of the needs above AND household income is less than or equal to 30% of HAMFI",matched,
b1g_joGbEOvFDroC,T3_EST23,esriFieldTypeInteger,T3_EST23,b1g_joGbEOvFDroC,"Owner occupied AND with housing cost burden greater than 50%, None of the needs above AND household income is greater than 30% but less than or equal to 50% of HAMFI",matched,
b1g_joGbEOvFDroC,T3_EST24,esriFieldTypeInteger,T3_EST24,b1g_joGbEOvFDroC,"Owner occupied AND with housing cost burden greater than 50%, None of the needs above AND household income is greater than 50% but less than or equal to 80% of HAMFI",matched,
b1g_joGbEOvFDroC,T3_EST25,esriFieldTypeInteger,T3_EST25,b1g_joGbEOvFDroC,"Owner occupied AND with housing cost burden greater than 50%, None of the needs above AND household income is greater than 80% but less than or equal to 100% of HAMFI",matched,
b1g_joGbEOvFDroC,T3_EST21,esriFieldTypeDouble,T3_EST21,b1g_joGbEOvFDroC,"Owner occupied AND with housing cost burden greater than 50%, None of the needs above",matched,
b1g_joGbEOvFDroC,T3_EST71,esriFieldTypeInteger,T3_EST71,b1g_joGbEOvFDroC,"Renter occupied AND with housing cost burden greater than 30% but less than or equal to 50%, None of the needs above AND household income is less than or equal to 30% of HAMFI",matched,
b1g_joGbEOvFDroC,T3_EST72,esriFieldTypeInteger,T3_EST72,b1g_joGbEOvFDroC,"Renter occupied AND with housing cost burden greater than 30% but less than or equal to 50%, None of the needs above AND household income is greater than 30% but less than or equal to 50% of HAMFI",matched,
b1g_joGbEOvFDroC,T3_EST73,esriFieldTypeInteger,T3_EST73,b1g_joGbEOvFDroC,"Renter occupied AND with housing cost burden greater than 30% but less than or equal to 50%, None of the needs above AND household income is greater than 50% but less than or equal to 80% of HAMFI",matched,
b1g_joGbEOvFDroC,T3_EST74,esriFieldTypeInteger,T3_EST74,b1g_joGbEOvFDroC,"Renter occupied AND with housing cost burden greater than 30% but less than or equal to 50%, None of the needs above AND household income is greater than 80% but less than or equal to 100% of HAMFI",matched,
b1g_joGbEOvFDroC,T3_EST70,esriFieldTypeDouble,T3_EST70,b1g_joGbEOvFDroC,"Renter occupied AND with housing cost burden greater than 30% but less than or equal to 50%, None of the needs above",matched,
b1g_joGbEOvFDroC,T3_EST28,esriFieldTypeInteger,T3_EST28,b1g_joGbEOvFDroC,"Owner occupied AND with housing cost burden greater than 30% but less than or equal to 50%, None of the needs above AND household income is less than or equal to 30% of HAMFI",matched,
b1g_joGbEOvFDroC,T3_EST29,esriFieldTypeInteger,T3_EST29,b1g_joGbEOvFDroC,"Owner occupied AND with housing cost burden greater than 30% but less than or equal to 50%, None of the needs above AND household income is greater than 30% but less than or equal to 50% of HAMFI",matched,
b1g_joGbEOvFDroC,T3_EST30,esriFieldTypeInteger,T3_EST30,b1g_joGbEOvFDroC,"Owner occupied AND with housing cost burden greater than 30% but less than or equal to 50%, None of the needs above AND household income is greater than 50% but less than or equal to 80% of HAMFI",matched,
b1g_joGbEOvFDroC,T3_EST31,esriFieldTypeInteger,T3_EST31,b1g_joGbEOvFDroC,"Owner occupied AND with housing cost burden greater than 30% but less than or equal to 50%, None of the needs above AND household income is greater than 80% but less than or equal to 100% of HAMFI",matched,
b1g_joGbEOvFDroC,T3_EST27,esriFieldTypeDouble,T3_EST27,b1g_joGbEOvFDroC,"Owner occupied AND with housing cost burden greater than 30% but less than or equal to 50%, None of the needs above",matched,
b1g_joGbEOvFDroC,T3_EST77,esriFieldTypeInteger,T3_EST77,b1g_joGbEOvFDroC,"Renter occupied AND housing cost burden not computed, None of the needs above AND household income is less than or equal to 30% of HAMFI",matched,
b1g_joGbEOvFDroC,T3_EST78,esriFieldTypeInteger,T3_EST78,b1g_joGbEOvFDroC,"Renter occupied AND housing cost burden not computed, None of the needs above AND household income is greater than 30% but less than or equal to 50% of HAMFI",matched,
b1g_joGbEOvFDroC,T3_EST79,esriFieldTypeInteger,T3_EST79,b1g_joGbEOvFDroC,"Renter occupied AND housing cost burden not computed, None of the needs above AND household income is greater than 50% but less than or equal to 80% of HAMFI",matched,
b1g_joGbEOvFDroC,T3_EST80,esriFieldTypeInteger,T3_EST80,b1g_joGbEOvFDroC,"Renter occupied AND housing cost burden not computed, None of the needs above AND household income is greater than 80% but less than or equal to 100% of HAMFI",matched,
b1g_joGbEOvFDroC,T3_EST76,esriFieldTypeInteger,T3_EST76,b1g_joGbEOvFDroC,"Renter occupied AND housing cost burden not computed, None of the needs above",matched,
b1g_joGbEOvFDroC,T3_EST34,esriFieldTypeInteger,T3_EST34,b1g_joGbEOvFDroC,"Owner occupied AND housing cost burden not computed, None of the needs above AND household income is less than or equal to 30% of HAMFI",matched,
b1g_joGbEOvFDroC,T3_EST35,esriFieldTypeInteger,T3_EST35,b1g_joGbEOvFDroC,"Owner occupied AND housing cost burden not computed, None of the needs above AND household income is greater than 30% but less than or equal to 50% of HAMFI",matched,
b1g_joGbEOvFDroC,T3_EST36,esriFieldTypeInteger,T3_EST36,b1g_joGbEOvFDroC,"Owner occupied AND housing cost burden not computed, None of the needs above AND household income is greater than 50% but less than or equal to 80% of HAMFI",matched,
b1g_joGbEOvFDroC,T3_EST37,esriFieldTypeInteger,T3_EST37,b1g_joGbEOvFDroC,"Owner occupied AND housing cost burden not computed, None of the needs above AND household income is greater than 80% but less than or equal to 100% of HAMFI",matched,
b1g_joGbEOvFDroC,T3_EST33,esriFieldTypeInteger,T3_EST33,b1g_joGbEOvFDroC,"Owner occupied AND housing cost burden not computed, None of the needs above",matched,
b1g_joGbEOvFDroC,T2_EST128,esriFieldTypeInteger,T2_EST128,b1g_joGbEOvFDroC,Renter occupied AND has 1 or more of the 4 severe housing unit problems AND household income is less than or equal to 30% of HAMFI,matched,
b1g_joGbEOvFDroC,T2_EST136,esriFieldTypeInteger,T2_EST136,b1g_joGbEOvFDroC,Renter occupied AND has 1 or more of the 4 severe housing unit problems AND household income is greater than 30% but less than or equal to 50% of HAMFI,matched,
b1g_joGbEOvFDroC,T2_EST144,esriFieldTypeInteger,T2_EST144,b1g_joGbEOvFDroC,Renter occupied AND has 1 or more of the 4 severe housing unit problems AND household income is greater than 50% but less than or equal to 80% of HAMFI,matched,
b1g_joGbEOvFDroC,T2_EST152,esriFieldTypeInteger,T2_EST152,b1g_joGbEOvFDroC,Renter occupied AND has 1 or more of the 4 severe housing unit problems AND household income is greater than 80% but less than or equal to 100% of HAMFI,matched,
b1g_joGbEOvFDroC,T2_EST127,esriFieldTypeDouble,T2_EST127,b1g_joGbEOvFDroC,Renter occupied AND has 1 or more of the 4 severe housing unit problems,matched,
b1g_joGbEOvFDroC,T2_EST4,esriFieldTypeInteger,T2_EST4,b1g_joGbEOvFDroC,Owner occupied AND has 1 or more of the 4 severe housing unit problems AND household income is less than or equal to 30% of HAMFI,matched,
b1g_joGbEOvFDroC,T2_EST12,esriFieldTypeInteger,T2_EST12,b1g_joGbEOvFDroC,Owner occupied AND has 1 or more of the 4 severe housing unit problems AND household income is greater than 30% but less than or equal to 50% of HAMFI,matched,
b1g_joGbEOvFDroC,T2_EST20,esriFieldTypeInteger,T2_EST20,b1g_joGbEOvFDroC,Owner occupied AND has 1 or more of the 4 severe housing unit problems AND household income is greater than 50% but less than or equal to 80% of HAMFI,matched,
b1g_joGbEOvFDroC,T2_EST28,esriFieldTypeInteger,T2_EST28,b1g_joGbEOvFDroC,Owner occupied AND has 1 or more of the 4 severe housing unit problems AND household income is greater than 80% but less than or equal to 100% of HAMFI,matched,
b1g_joGbEOvFDroC,T2_EST3,esriFieldTypeDouble,T2_EST3,b1g_joGbEOvFDroC,Owner occupied AND has 1 or more of the 4 severe housing unit problems,matched,
b1g_joGbEOvFDroC,T2_EST169,esriFieldTypeInteger,T2_EST169,b1g_joGbEOvFDroC,Renter occupied AND has None of the 4 severe housing unit problems AND household income is less than or equal to 30% of HAMFI,matched,
b1g_joGbEOvFDroC,T2_EST177,esriFieldTypeInteger,T2_EST177,b1g_joGbEOvFDroC,Renter occupied AND has None of the 4 severe housing unit problems AND household income is greater than 30% but less than or equal to 50% of HAMFI,matched,
b1g_joGbEOvFDroC,T2_EST185,esriFieldTypeInteger,T2_EST185,b1g_joGbEOvFDroC,Renter occupied AND has None of the 4 severe housing unit problems AND household income is greater than 50% but less than or equal to 80% of HAMFI,matched,
b1g_joGbEOvFDroC,T2_EST193,esriFieldTypeInteger,T2_EST193,b1g_joGbEOvFDroC,Renter occupied AND has None of the 4 severe housing unit problems AND household income is greater than 80% but less than or equal to 100% of HAMFI,matched,
b1g_joGbEOvFDroC,T2_EST168,esriFieldTypeDouble,T2_EST168,b1g_joGbEOvFDroC,Renter occupied AND has None of the 4 severe housing unit problems,matched,
b1g_joGbEOvFDroC,T2_EST45,esriFieldTypeInteger,T2_EST45,b1g_joGbEOvFDroC,Owner occupied AND has None of the 4 severe housing unit problems AND household income is less than or equal to 30% of HAMFI,matched,
b1g_joGbEOvFDroC,T2_EST53,esriFieldTypeInteger,T2_EST53,b1g_joGbEOvFDroC,Owner occupied AND has None of the 4 severe housing unit problems AND household income is greater than 30% but less than or equal to 50% of HAMFI,matched,
b1g_joGbEOvFDroC,T2_EST61,esriFieldTypeInteger,T2_EST61,b1g_joGbEOvFDroC,Owner occupied AND has None of the 4 severe housing unit problems AND household income is greater than 50% but less than or equal to 80% of HAMFI,matched,
b1g_joGbEOvFDroC,T2_EST69,esriFieldTypeInteger,T2_EST69,b1g_joGbEOvFDroC,Owner occupied AND has None of the 4 severe housing unit problems AND household income is greater than 80% but less than or equal to 100% of HAMFI,matched,
b1g_joGbEOvFDroC,T2_EST44,esriFieldTypeDouble,T2_EST44,b1g_joGbEOvFDroC,Owner occupied AND has None of the 4 severe housing unit problems,matched,
b1g_joGbEOvFDroC,T2_EST210,esriFieldTypeInteger,T2_EST210,b1g_joGbEOvFDroC,"Renter occupied AND cost burden not computed, household has None of the other severe housing problems AND household income is less than or equal to 30% of HAMFI",matched,
b1g_joGbEOvFDroC,T2_EST218,esriFieldTypeInteger,T2_EST218,b1g_joGbEOvFDroC,"Renter occupied AND cost burden not computed, household has None of the other severe housing problems AND household income is greater than 30% but less than or equal to 50% of HAMFI",matched,
b1g_joGbEOvFDroC,T2_EST226,esriFieldTypeInteger,T2_EST226,b1g_joGbEOvFDroC,"Renter occupied AND cost burden not computed, household has None of the other severe housing problems AND household income is greater than 50% but less than or equal to 80% of HAMFI",matched,
b1g_joGbEOvFDroC,T2_EST234,esriFieldTypeInteger,T2_EST234,b1g_joGbEOvFDroC,"Renter occupied AND cost burden not computed, household has None of the other severe housing problems AND household income is greater than 80% but less than or equal to 100% of HAMFI",matched,
b1g_joGbEOvFDroC,T2_EST209,esriFieldTypeInteger,T2_EST209,b1g_joGbEOvFDroC,"Renter occupied AND cost burden not computed, household has None of the other severe housing problems",matched,
b1g_joGbEOvFDroC,T2_EST86,esriFieldTypeInteger,T2_EST86,b1g_joGbEOvFDroC,"Owner occupied AND cost burden not computed, household has None of the other severe housing problems AND household income is less than or equal to 30% of HAMFI",matched,
b1g_joGbEOvFDroC,T2_EST94,esriFieldTypeInteger,T2_EST94,b1g_joGbEOvFDroC,"Owner occupied AND cost burden not computed, household has None of the other severe housing problems AND household income is greater than 30% but less than or equal to 50% of HAMFI",matched,
b1g_joGbEOvFDroC,T2_EST102,esriFieldTypeInteger,T2_EST102,b1g_joGbEOvFDroC,"Owner occupied AND cost burden not computed, household has None of the other severe housing problems AND household income is greater than 50% but less than or equal to 80% of HAMFI",matched,
b1g_joGbEOvFDroC,T2_EST110,esriFieldTypeInteger,T2_EST110,b1g_joGbEOvFDroC,"Owner occupied AND cost burden not computed, household has None of the other severe housing problems AND household income is greater than 80% but less than or equal to 100% of HAMFI",matched,
b1g_joGbEOvFDroC,T2_EST85,esriFieldTypeInteger,T2_EST85,b1g_joGbEOvFDroC,"Owner occupied AND cost burden not computed, household has None of the other severe housing problems",matched,
b1g_joGbEOvFDroC,T7_LE30_SF_CB_R,esriFieldTypeInteger,T7_LE30_SF_CB_R,b1g_joGbEOvFDroC,"Renter occupied AND household income is less than or equal to 30% of HAMFI AND household type is small family (2 persons, neither person 62 years or over, or 3 or 4 persons) AND housing cost burden is greater than 30%",matched,
b1g_joGbEOvFDroC,T7_GT30_LE50_SF_CB_R,esriFieldTypeInteger,T7_GT30_LE50_SF_CB_R,b1g_joGbEOvFDroC,"Renter occupied AND household income is greater than 30% but less than or equal to 50% of HAMFI AND household type is small family (2 persons, neither person 62 years or over, or 3 or 4 persons) AND housing cost burden is greater than 30%",matched,
b1g_joGbEOvFDroC,T7_GT50_LE80_SF_CB_R,esriFieldTypeInteger,T7_GT50_LE80_SF_CB_R,b1g_joGbEOvFDroC,"Renter occupied AND household income is greater than 50% but less than or equal to 80% of HAMFI AND household type is small family (2 persons, neither person 62 years or over, or 3 or 4 persons) AND housing cost burden is greater than 30%",matched,
b1g_joGbEOvFDroC,T7_SF_CB_R,esriFieldTypeDouble,T7_SF_CB_R,b1g_joGbEOvFDroC,"Renter occupied AND household type is small family (2 persons, neither person 62 years or over, or 3 or 4 persons) AND housing cost burden is greater than 30%",matched,
b1g_joGbEOvFDroC,T7_LE30_SF_CB_O,esriFieldTypeInteger,T7_LE30_SF_CB_O,b1g_joGbEOvFDroC,"Owner occupied AND household income is less than or equal to 30% of HAMFI AND household type is small family (2 persons, neither person 62 years or over, or 3 or 4 persons) AND housing cost burden is greater than 30%",matched,
b1g_joGbEOvFDroC,T7_GT30_LE50_SF_CB_O,esriFieldTypeInteger,T7_GT30_LE50_SF_CB_O,b1g_joGbEOvFDroC,"Owner occupied AND household income is greater than 30% but less than or equal to 50% of HAMFI AND household type is small family (2 persons, neither person 62 years or over, or 3 or 4 persons) AND housing cost burden is greater than 30%",matched,
b1g_joGbEOvFDroC,T7_GT50_LE80_SF_CB_O,esriFieldTypeInteger,T7_GT50_LE80_SF_CB_O,b1g_joGbEOvFDroC,"Owner occupied AND household income is greater than 50% but less than or equal to 80% of HAMFI AND household type is small family (2 persons, neither person 62 years or over, or 3 or 4 persons) AND housing cost burden is greater than 30%",matched,
b1g_joGbEOvFDroC,T7_SF_CB_O,esriFieldTypeDouble,T7_SF_CB_O,b1g_joGbEOvFDroC,"Owner occupied AND household type is small family (2 persons, neither person 62 years or over, or 3 or 4 persons) AND housing cost burden is greater than 30%",matched,
b1g_joGbEOvFDroC,T7_LE30_LF_CB_R,esriFieldTypeInteger,T7_LE30_LF_CB_R,b1g_joGbEOvFDroC,Renter occupied AND household income is less than or equal to 30% of HAMFI AND household type is large family (5 or more persons) AND housing cost burden is greater than 30%,matched,
b1g_joGbEOvFDroC,T7_GT30_LE50_LF_CB_R,esriFieldTypeInteger,T7_GT30_LE50_LF_CB_R,b1g_joGbEOvFDroC,Renter occupied AND household income is greater than 30% but less than or equal to 50% of HAMFI AND household type is large family (5 or more persons) AND housing cost burden is greater than 30%,matched,
b1g_joGbEOvFDroC,T7_GT50_LE80_LF_CB_R,esriFieldTypeInteger,T7_GT50_LE80_LF_CB_R,b1g_joGbEOvFDroC,Renter occupied AND household income is greater than 50% but less than or equal to 80% of HAMFI AND household type is large family (5 or more persons) AND housing cost burden is greater than 30%,matched,
b1g_joGbEOvFDroC,T7_LF_CB_R,esriFieldTypeInteger,T7_LF_CB_R,b1g_joGbEOvFDroC,Renter occupied AND household type is large family (5 or more persons) AND housing cost burden is greater than 30%,matched,
b1g_joGbEOvFDroC,T7_LE30_LF_CB_O,esriFieldTypeInteger,T7_LE30_LF_CB_O,b1g_joGbEOvFDroC,Owner occupied AND household type is large family (5 or more persons) AND housing cost burden is greater than 30%,matched,
b1g_joGbEOvFDroC,T7_GT30_LE50_LF_CB_O,esriFieldTypeInteger,T7_GT30_LE50_LF_CB_O,b1g_joGbEOvFDroC,Owner occupied AND household income is greater than 30% but less than or equal to 50% of HAMFI AND household type is large family (5 or more persons) AND housing cost burden is greater than 30%,matched,
b1g_joGbEOvFDroC,T7_GT50_LE80_LF_CB_O,esriFieldTypeInteger,T7_GT50_LE80_LF_CB_O,b1g_joGbEOvFDroC,Owner occupied AND household income is greater than 50% but less than or equal to 80% of HAMFI AND household type is large family (5 or more persons) AND housing cost burden is greater than 30%,matched,
b1g_joGbEOvFDroC,T7_LF_CB_O,esriFieldTypeInteger,T7_LF_CB_O,b1g_joGbEOvFDroC,Owner occupied AND household type is large family (5 or more persons) AND housing cost burden is greater than 30%,matched,
b1g_joGbEOvFDroC,T7_LE30_ELD_CB_R,esriFieldTypeInteger,T7_LE30_ELD_CB_R,b1g_joGbEOvFDroC,"Renter occupied AND household income is less than or equal to 30% of HAMFI AND household type is elderly (elderly non-family household or family household with 2 people, at least one of which is elderly) AND housing cost burden is greater than 30%",matched,
b1g_joGbEOvFDroC,T7_GT30_LE50_ELD_CB_R,esriFieldTypeInteger,T7_GT30_LE50_ELD_CB_R,b1g_joGbEOvFDroC,"Renter occupied AND household income is greater than 30% but less than or equal to 50% of HAMFI AND household type is elderly (elderly non-family household or family household with 2 people, at least one of which is elderly) AND housing cost burden is greater than 30%",matched,
b1g_joGbEOvFDroC,T7_GT50_LE80_ELD_CB_R,esriFieldTypeInteger,T7_GT50_LE80_ELD_CB_R,b1g_joGbEOvFDroC,"Renter occupied AND household income is greater than 50% but less than or equal to 80% of HAMFI AND household type is elderly (elderly non-family household or family household with 2 people, at least one of which is elderly) AND housing cost burden is greater than 30%",matched,
b1g_joGbEOvFDroC,T7_ELD_CB_R,esriFieldTypeInteger,T7_ELD_CB_R,b1g_joGbEOvFDroC,"Renter occupied AND household type is elderly (elderly non-family household or family household with 2 people, at least one of which is elderly) AND housing cost burden is greater than 30%",matched,
b1g_joGbEOvFDroC,T7_LE30_ELD_CB_O,esriFieldTypeInteger,T7_LE30_ELD_CB_O,b1g_joGbEOvFDroC,"Owner occupied AND household income is less than or equal to 30% of HAMFI AND household type is elderly (elderly non-family household or family household with 2 people, at least one of which is elderly) AND housing cost burden is greater than 30%",matched,
b1g_joGbEOvFDroC,T7_GT30_LE50_ELD_CB_O,esriFieldTypeInteger,T7_GT30_LE50_ELD_CB_O,b1g_joGbEOvFDroC,"Owner occupied AND household income is greater than 30% but less than or equal to 50% of HAMFI AND household type is elderly (elderly non-family household or family household with 2 people, at least one of which is elderly) AND housing cost burden is greater than 30%",matched,
b1g_joGbEOvFDroC,T7_GT50_LE80_ELD_CB_O,esriFieldTypeInteger,T7_GT50_LE80_ELD_CB_O,b1g_joGbEOvFDroC,"Owner occupied AND household income is greater than 50% but less than or equal to 80% of HAMFI AND household type is elderly (elderly non-family household or family household with 2 people, at least one of which is elderly) AND housing cost burden is greater than 30%",matched,
b1g_joGbEOvFDroC,T7_ELD_CB_O,esriFieldTypeInteger,T7_ELD_CB_O,b1g_joGbEOvFDroC,"Owner occupied AND household type is elderly (elderly non-family household or family household with 2 people, at least one of which is elderly) AND housing cost burden is greater than 30%",matched,
b1g_joGbEOvFDroC,T7_LE30_OTHER_CB_R,esriFieldTypeInteger,T7_LE30_OTHER_CB_R,b1g_joGbEOvFDroC,Renter occupied AND household income is less than or equal to 30% of HAMFI AND other household type (non-elderly non-family) AND housing cost burden is greater than 30%,matched,
b1g_joGbEOvFDroC,T7_GT30_LE50_OTHER_CB_R,esriFieldTypeInteger,T7_GT30_LE50_OTHER_CB_R,b1g_joGbEOvFDroC,Renter occupied AND household income is greater than 30% but less than or equal to 50% of HAMFI AND other household type (non-elderly non-family) AND housing cost burden is greater than 30%,matched,
b1g_joGbEOvFDroC,T7_GT50_LE80_OTHER_CB_R,esriFieldTypeInteger,T7_GT50_LE80_OTHER_CB_R,b1g_joGbEOvFDroC,Renter occupied AND household income is greater than 50% but less than or equal to 80% of HAMFI AND other household type (non-elderly non-family) AND housing cost burden is greater than 30%,matched,
b1g_joGbEOvFDroC,T7_OTHER_CB_R,esriFieldTypeInteger,T7_OTHER_CB_R,b1g_joGbEOvFDroC,Renter occupied AND other household type (non-elderly non-family) AND housing cost burden is greater than 30%,matched,
b1g_joGbEOvFDroC,T7_LE30_OTHER_CB_O,esriFieldTypeInteger,T7_LE30_OTHER_CB_O,b1g_joGbEOvFDroC,Owner occupied AND household income is less than or equal to 30% of HAMFI AND other household type (non-elderly non-family) AND housing cost burden is greater than 30%,matched,
b1g_joGbEOvFDroC,T7_GT30_LE50_OTHER_CB_O,esriFieldTypeInteger,T7_GT30_LE50_OTHER_CB_O,b1g_joGbEOvFDroC,Owner occupied AND household income is greater than 30% but less than or equal to 50% of HAMFI AND other household type (non-elderly non-family) AND housing cost burden is greater than 30%,matched,
b1g_joGbEOvFDroC,T7_GT50_LE80_OTHER_CB_O,esriFieldTypeInteger,T7_GT50_LE80_OTHER_CB_O,b1g_joGbEOvFDroC,Owner occupied AND household income is greater than 50% but less than or equal to 80% of HAMFI AND other household type (non-elderly non-family) AND housing cost burden is greater than 30%,matched,
b1g_joGbEOvFDroC,T7_OTHER_CB_O,esriFieldTypeInteger,T7_OTHER_CB_O,b1g_joGbEOvFDroC,Owner occupied AND other household type (non-elderly non-family) AND housing cost burden is greater than 30%,matched,
b1g_joGbEOvFDroC,T7_EST117,esriFieldTypeInteger,T7_EST117,b1g_joGbEOvFDroC,"Renter occupied AND household income is less than or equal to 30% of HAMFI AND household type is small family (2 persons, neither person 62 years or over, or 3 or 4 persons) AND housing cost burden is greater than 50%",matched,
b1g_joGbEOvFDroC,T7_EST143,esriFieldTypeInteger,T7_EST143,b1g_joGbEOvFDroC,"Renter occupied AND household income is greater than 30% but less than or equal to 50% of HAMFI AND household type is small family (2 persons, neither person 62 years or over, or 3 or 4 persons) AND housing cost burden is greater than 50%",matched,
b1g_joGbEOvFDroC,T7_EST169,esriFieldTypeInteger,T7_EST169,b1g_joGbEOvFDroC,"Renter occupied AND household income is greater than 50% but less than or equal to 80% of HAMFI AND household type is small family (2 persons, neither person 62 years or over, or 3 or 4 persons) AND housing cost burden is greater than 50%",matched,
b1g_joGbEOvFDroC,T7_SF_CB50_R,esriFieldTypeInteger,T7_SF_CB50_R,b1g_joGbEOvFDroC,"Renter occupied AND household type is small family (2 persons, neither person 62 years or over, or 3 or 4 persons) AND housing cost burden is greater than 50%",matched,
b1g_joGbEOvFDroC,T7_EST12,esriFieldTypeInteger,T7_EST12,b1g_joGbEOvFDroC,"Owner occupied AND household income is less than or equal to 30% of HAMFI AND household type is small family (2 persons, neither person 62 years or over, or 3 or 4 persons) AND housing cost burden is greater than 50%",matched,
b1g_joGbEOvFDroC,T7_EST38,esriFieldTypeInteger,T7_EST38,b1g_joGbEOvFDroC,"Owner occupied AND household income is greater than 30% but less than or equal to 50% of HAMFI AND household type is small family (2 persons, neither person 62 years or over, or 3 or 4 persons) AND housing cost burden is greater than 50%",matched,
b1g_joGbEOvFDroC,T7_EST64,esriFieldTypeInteger,T7_EST64,b1g_joGbEOvFDroC,"Owner occupied AND household income is greater than 50% but less than or equal to 80% of HAMFI AND household type is small family (2 persons, neither person 62 years or over, or 3 or 4 persons) AND housing cost burden is greater than 50%",matched,
b1g_joGbEOvFDroC,T7_SF_CB50_O,esriFieldTypeInteger,T7_SF_CB50_O,b1g_joGbEOvFDroC,"Owner occupied AND household type is small family (2 persons, neither person 62 years or over, or 3 or 4 persons) AND housing cost burden is greater than 50%",matched,
b1g_joGbEOvFDroC,T7_EST122,esriFieldTypeInteger,T7_EST122,b1g_joGbEOvFDroC,Renter occupied AND household income is less than or equal to 30% of HAMFI AND household type is large family (5 or more persons) AND housing cost burden is greater than 50%,matched,
b1g_joGbEOvFDroC,T7_EST148,esriFieldTypeInteger,T7_EST148,b1g_joGbEOvFDroC,Renter occupied AND household income is greater than 30% but less than or equal to 50% of HAMFI AND household type is large family (5 or more persons) AND housing cost burden is greater than 50%,matched,
b1g_joGbEOvFDroC,T7_EST174,esriFieldTypeInteger,T7_EST174,b1g_joGbEOvFDroC,Renter occupied AND household income is greater than 50% but less than or equal to 80% of HAMFI AND household type is large family (5 or more persons) AND housing cost burden is greater than 50%,matched,
b1g_joGbEOvFDroC,T7_LF_CB50_R,esriFieldTypeInteger,T7_LF_CB50_R,b1g_joGbEOvFDroC,Renter occupied AND household type is large family (5 or more persons) AND housing cost burden is greater than 50%,matched,
b1g_joGbEOvFDroC,T7_EST17,esriFieldTypeInteger,T7_EST17,b1g_joGbEOvFDroC,Owner occupied AND household income is less than or equal to 30% of HAMFI AND household type is large family (5 or more persons) AND housing cost burden is greater than 50%,matched,
b1g_joGbEOvFDroC,T7_EST43,esriFieldTypeInteger,T7_EST43,b1g_joGbEOvFDroC,Owner occupied AND household income is greater than 30% but less than or equal to 50% of HAMFI AND household type is large family (5 or more persons) AND housing cost burden is greater than 50%,matched,
b1g_joGbEOvFDroC,T7_EST69,esriFieldTypeInteger,T7_EST69,b1g_joGbEOvFDroC,Owner occupied AND household income is greater than 50% but less than or equal to 80% of HAMFI AND household type is large family (5 or more persons) AND housing cost burden is greater than 50%,matched,
b1g_joGbEOvFDroC,T7_LF_CB50_O,esriFieldTypeInteger,T7_LF_CB50_O,b1g_joGbEOvFDroC,Owner occupied AND household type is large family (5 or more persons) AND housing cost burden is greater than 50%,matched,
b1g_joGbEOvFDroC,T7_LE30_ELD_CB50_R,esriFieldTypeInteger,T7_LE30_ELD_CB50_R,b1g_joGbEOvFDroC,"Renter occupied AND household income is less than or equal to 30% of HAMFI AND household type is elderly (elderly non-family household or family household with 2 people, at least one of which is elderly) AND housing cost burden is greater than 50%",matched,
b1g_joGbEOvFDroC,T7_GT30_LE50_ELD_CB50_R,esriFieldTypeInteger,T7_GT30_LE50_ELD_CB50_R,b1g_joGbEOvFDroC,"Renter occupied AND household income is greater than 30% but less than or equal to 50% of HAMFI AND household type is elderly (elderly non-family household or family household with 2 people, at least one of which is elderly) AND housing cost burden is greater than 50%",matched,
b1g_joGbEOvFDroC,T7_GT50_LE80_ELD_CB50_R,esriFieldTypeInteger,T7_GT50_LE80_ELD_CB50_R,b1g_joGbEOvFDroC,"Renter occupied AND household income is greater than 50% but less than or equal to 80% of HAMFI AND household type is elderly (elderly non-family household or family household with 2 people, at least one of which is elderly) AND housing cost burden is greater than 50%",matched,
b1g_joGbEOvFDroC,T7_ELD_CB50_R,esriFieldTypeInteger,T7_ELD_CB50_R,b1g_joGbEOvFDroC,"Renter occupied AND household type is elderly (elderly non-family household or family household with 2 people, at least one of which is elderly) AND housing cost burden is greater than 50%",matched,
b1g_joGbEOvFDroC,T7_LE30_ELD_CB50_O,esriFieldTypeInteger,T7_LE30_ELD_CB50_O,b1g_joGbEOvFDroC,"Owner occupied AND household income is less than or equal to 30% of HAMFI AND household type is elderly (elderly non-family household or family household with 2 people, at least one of which is elderly) AND housing cost burden is greater than 50%",matched,
b1g_joGbEOvFDroC,T7_GT30_LE50_ELD_CB50_O,esriFieldTypeInteger,T7_GT30_LE50_ELD_CB50_O,b1g_joGbEOvFDroC,"Owner occupied AND household income is greater than 30% but less than or equal to 50% of HAMFI AND household type is elderly (elderly non-family household or family household with 2 people, at least one of which is elderly) AND housing cost burden is greater than 50%",matched,
b1g_joGbEOvFDroC,T7_GT50_LE80_ELD_CB50_O,esriFieldTypeInteger,T7_GT50_LE80_ELD_CB50_O,b1g_joGbEOvFDroC,"Owner occupied AND household income is greater than 50% but less than or equal to 80% of HAMFI AND household type is elderly (elderly non-family household or family household with 2 people, at least one of which is elderly) AND housing cost burden is greater than 50%",matched,
b1g_joGbEOvFDroC,T7_ELD_CB50_O,esriFieldTypeInteger,T7_ELD_CB50_O,b1g_joGbEOvFDroC,"Owner occupied AND household type is elderly (elderly non-family household or family household with 2 people, at least one of which is elderly) AND housing cost burden is greater than 50%",matched,
b1g_joGbEOvFDroC,T7_EST132,esriFieldTypeInteger,T7_EST132,b1g_joGbEOvFDroC,Renter occupied AND household income is less than or equal to 30% of HAMFI AND other household type (non-elderly non-family) AND housing cost burden is greater than 50%,matched,
b1g_joGbEOvFDroC,T7_EST158,esriFieldTypeInteger,T7_EST158,b1g_joGbEOvFDroC,Renter occupied AND household income is greater than 30% but less than or equal to 50% of HAMFI AND other household type (non-elderly non-family) AND housing cost burden is greater than 50%,matched,
b1g_joGbEOvFDroC,T7_EST184,esriFieldTypeInteger,T7_EST184,b1g_joGbEOvFDroC,Renter occupied AND household income is greater than 50% but less than or equal to 80% of HAMFI AND other household type (non-elderly non-family) AND housing cost burden is greater than 50%,matched,
b1g_joGbEOvFDroC,T7_OTHER_CB50_R,esriFieldTypeInteger,T7_OTHER_CB50_R,b1g_joGbEOvFDroC,Renter occupied AND other household type (non-elderly non-family) AND housing cost burden is greater than 50%,matched,
b1g_joGbEOvFDroC,T7_EST27,esriFieldTypeInteger,T7_EST27,b1g_joGbEOvFDroC,Owner occupied AND household income is less than or equal to 30% of HAMFI AND other household type (non-elderly non-family) AND housing cost burden is greater than 50%,matched,
b1g_joGbEOvFDroC,T7_EST53,esriFieldTypeInteger,T7_EST53,b1g_joGbEOvFDroC,Owner occupied AND household income is greater than 30% but less than or equal to 50% of HAMFI AND other household type (non-elderly non-family) AND housing cost burden is greater than 50%,matched,
b1g_joGbEOvFDroC,T7_EST79,esriFieldTypeInteger,T7_EST79,b1g_joGbEOvFDroC,Owner occupied AND household income is greater than 50% but less than or equal to 80% of HAMFI AND other household type (non-elderly non-family) AND housing cost burden is greater than 50%,matched,
b1g_joGbEOvFDroC,T7_OTHER_CB50_O,esriFieldTypeInteger,T7_OTHER_CB50_O,b1g_joGbEOvFDroC,Owner occupied AND other household type (non-elderly non-family) AND housing cost burden is greater than 50%,matched,
b1g_joGbEOvFDroC,T10_OC_LE30_HHT1_R,esriFieldTypeInteger,T10_OC_LE30_HHT1_R,b1g_joGbEOvFDroC,Renter occupied AND persons per room is greater than 1 AND household income is less than or equal to 30% of HAMFI AND household type is one family with no subfamilies,matched,
b1g_joGbEOvFDroC,T10_OC_GT30_LE50_HHT1_R,esriFieldTypeInteger,T10_OC_GT30_LE50_HHT1_R,b1g_joGbEOvFDroC,Renter occupied AND persons per room is greater than 1 AND household income is greater than 30% but less than or equal to 50% of HAMFI AND household type is one family with no subfamilies,matched,
b1g_joGbEOvFDroC,T10_OC_GT50_LE80_HHT1_R,esriFieldTypeInteger,T10_OC_GT50_LE80_HHT1_R,b1g_joGbEOvFDroC,Renter occupied AND persons per room is greater than 1 AND household income is greater than 50% but less than or equal to 80% of HAMFI AND household type is one family with no subfamilies,matched,
b1g_joGbEOvFDroC,T10_OC_GT80_LE100_HHT1_R,esriFieldTypeInteger,T10_OC_GT80_LE100_HHT1_R,b1g_joGbEOvFDroC,Renter occupied AND persons per room is greater than 1 AND household income is greater than 80% but less than or equal to 100% of HAMFI AND household type is one family with no subfamilies,matched,
b1g_joGbEOvFDroC,T10_OC_HHT1_R,esriFieldTypeInteger,T10_OC_HHT1_R,b1g_joGbEOvFDroC,Renter occupied AND persons per room is greater than 1 AND household type is one family with no subfamilies,matched,
b1g_joGbEOvFDroC,T10_OC_LE30_HHT1_O,esriFieldTypeInteger,T10_OC_LE30_HHT1_O,b1g_joGbEOvFDroC,Owner occupied AND persons per room is greater than 1 AND household income is less than or equal to 30% of HAMFI AND household type is one family with no subfamilies,matched,
b1g_joGbEOvFDroC,T10_OC_GT30_LE50_HHT1_O,esriFieldTypeInteger,T10_OC_GT30_LE50_HHT1_O,b1g_joGbEOvFDroC,Owner occupied AND persons per room is greater than 1 AND household income is greater than 30% but less than or equal to 50% of HAMFI AND household type is one family with no subfamilies,matched,
b1g_joGbEOvFDroC,T10_OC_GT50_LE80_HHT1_O,esriFieldTypeInteger,T10_OC_GT50_LE80_HHT1_O,b1g_joGbEOvFDroC,Owner occupied AND persons per room is greater than 1 AND household income is greater than 50% but less than or equal to 80% of HAMFI AND household type is one family with no subfamilies,matched,
b1g_joGbEOvFDroC,T10_OC_GT80_LE100_HHT1_O,esriFieldTypeInteger,T10_OC_GT80_LE100_HHT1_O,b1g_joGbEOvFDroC,Owner occupied AND persons per room is greater than 1 AND household income is greater than 80% but less than or equal to 100% of HAMFI AND household type is one family with no subfamilies,matched,
b1g_joGbEOvFDroC,T10_OC_HHT1_O,esriFieldTypeInteger,T10_OC_HHT1_O,b1g_joGbEOvFDroC,Owner occupied AND persons per room is greater than 1 AND household type is one family with no subfamilies,matched,
b1g_joGbEOvFDroC,T10_OC_LE30_HHT2_R,esriFieldTypeInteger,T10_OC_LE30_HHT2_R,b1g_joGbEOvFDroC,Renter occupied AND persons per room is greater than 1 AND household income is less than or equal to 30% of HAMFI AND household type is one family with at least one subfamily or more than one family,matched,
b1g_joGbEOvFDroC,T10_OC_GT30_LE50_HHT2_R,esriFieldTypeInteger,T10_OC_GT30_LE50_HHT2_R,b1g_joGbEOvFDroC,Renter occupied AND persons per room is greater than 1 AND household income is greater than 30% but less than or equal to 50% of HAMFI AND household type is one family with at least one subfamily or more than one family,matched,
b1g_joGbEOvFDroC,T10_OC_GT50_LE80_HHT2_R,esriFieldTypeInteger,T10_OC_GT50_LE80_HHT2_R,b1g_joGbEOvFDroC,Renter occupied AND persons per room is greater than 1 AND household income is greater than 50% but less than or equal to 80% of HAMFI AND household type is one family with at least one subfamily or more than one family,matched,
b1g_joGbEOvFDroC,T10_OC_GT80_LE100_HHT2_R,esriFieldTypeInteger,T10_OC_GT80_LE100_HHT2_R,b1g_joGbEOvFDroC,Renter occupied AND persons per room is greater than 1 AND household income is greater than 80% but less than or equal to 100% of HAMFI AND household type is one family with at least one subfamily or more than one family,matched,
b1g_joGbEOvFDroC,T10_OC_HHT2_R,esriFieldTypeInteger,T10_OC_HHT2_R,b1g_joGbEOvFDroC,Renter occupied AND persons per room is greater than 1 AND household type is one family with at least one subfamily or more than one family,matched,
b1g_joGbEOvFDroC,T10_OC_LE30_HHT2_O,esriFieldTypeInteger,T10_OC_LE30_HHT2_O,b1g_joGbEOvFDroC,Owner occupied AND persons per room is greater than 1 AND household income is less than or equal to 30% of HAMFI AND household type is one family with at least one subfamily or more than one family,matched,
b1g_joGbEOvFDroC,T10_OC_GT30_LE50_HHT2_O,esriFieldTypeInteger,T10_OC_GT30_LE50_HHT2_O,b1g_joGbEOvFDroC,Owner occupied AND persons per room is greater than 1 AND household income is greater than 30% but less than or equal to 50% of HAMFI AND household type is one family with at least one subfamily or more than one family,matched,
b1g_joGbEOvFDroC,T10_OC_GT50_LE80_HHT2_O,esriFieldTypeInteger,T10_OC_GT50_LE80_HHT2_O,b1g_joGbEOvFDroC,Owner occupied AND persons per room is greater than 1 AND household income is greater than 50% but less than or equal to 80% of HAMFI AND household type is one family with at least one subfamily or more than one family,matched,
b1g_joGbEOvFDroC,T10_OC_GT80_LE100_HHT2_O,esriFieldTypeInteger,T10_OC_GT80_LE100_HHT2_O,b1g_joGbEOvFDroC,Owner occupied AND persons per room is greater than 1 AND household income is greater than 80% but less than or equal to 100% of HAMFI AND household type is one family with at least one subfamily or more than one family,matched,
b1g_joGbEOvFDroC,T10_OC_HHT2_O,esriFieldTypeInteger,T10_OC_HHT2_O,b1g_joGbEOvFDroC,Owner occupied AND persons per room is greater than 1 AND household type is one family with at least one subfamily or more than one family,matched,
b1g_joGbEOvFDroC,T10_OC_LE30_HHT3_R,esriFieldTypeInteger,T10_OC_LE30_HHT3_R,b1g_joGbEOvFDroC,Renter occupied AND persons per room is greater than 1 AND household income is less than or equal to 30% of HAMFI AND household type is non-family,matched,
b1g_joGbEOvFDroC,T10_OC_GT30_LE50_HHT3_R,esriFieldTypeInteger,T10_OC_GT30_LE50_HHT3_R,b1g_joGbEOvFDroC,Renter occupied AND persons per room is greater than 1 AND household income is greater than 30% but less than or equal to 50% of HAMFI AND household type is non-family,matched,
b1g_joGbEOvFDroC,T10_OC_GT50_LE80_HHT3_R,esriFieldTypeInteger,T10_OC_GT50_LE80_HHT3_R,b1g_joGbEOvFDroC,Renter occupied AND persons per room is greater than 1 AND household income is greater than 50% but less than or equal to 80% of HAMFI AND household type is non-family,matched,
b1g_joGbEOvFDroC,T10_OC_GT80_LE100_HHT3_R,esriFieldTypeInteger,T10_OC_GT80_LE100_HHT3_R,b1g_joGbEOvFDroC,Renter occupied AND persons per room is greater than 1 AND household income is greater than 80% but less than or equal to 100% of HAMFI AND household type is non-family,matched,
b1g_joGbEOvFDroC,T10_OC_HHT3_R,esriFieldTypeInteger,T10_OC_HHT3_R,b1g_joGbEOvFDroC,Renter occupied AND persons per room is greater than 1 AND household type is non-family,matched,
b1g_joGbEOvFDroC,T10_OC_LE30_HHT3_O,esriFieldTypeInteger,T10_OC_LE30_HHT3_O,b1g_joGbEOvFDroC,Owner occupied AND persons per room is greater than 1 AND household income is less than or equal to 30% of HAMFI AND household type is non-family,matched,
b1g_joGbEOvFDroC,T10_OC_GT30_LE50_HHT3_O,esriFieldTypeInteger,T10_OC_GT30_LE50_HHT3_O,b1g_joGbEOvFDroC,Owner occupied AND persons per room is greater than 1 AND household income is greater than 30% but less than or equal to 50% of HAMFI AND household type is non-family,matched,
b1g_joGbEOvFDroC,T10_OC_GT50_LE80_HHT3_O,esriFieldTypeInteger,T10_OC_GT50_LE80_HHT3_O,b1g_joGbEOvFDroC,Owner occupied AND persons per room is greater than 1 AND household income is greater than 50% but less than or equal to 80% of HAMFI AND household type is non-family,matched,
b1g_joGbEOvFDroC,T10_OC_GT80_LE100_HHT3_O,esriFieldTypeInteger,T10_OC_GT80_LE100_HHT3_O,b1g_joGbEOvFDroC,Owner occupied AND persons per room is greater than 1 AND household income is greater than 80% but less than or equal to 100% of HAMFI AND household type is non-family,matched,
b1g_joGbEOvFDroC,T10_OC_HHT3_O,esriFieldTypeInteger,T10_OC_HHT3_O,b1g_joGbEOvFDroC,Owner occupied AND persons per room is greater than 1 AND household type is non-family,matched,
b1g_joGbEOvFDroC,T8_LE30,esriFieldTypeDouble,T8_LE30,b1g_joGbEOvFDroC,Household income is less than or equal to 30% of HAMFI,matched,
b1g_joGbEOvFDroC,T1_LE30_HP,esriFieldTypeDouble,T1_LE30_HP,b1g_joGbEOvFDroC,Household income is less than or equal to 30% of HAMFI AND has 1 or more of the 4 housing unit problems,matched,
b1g_joGbEOvFDroC,T2_LE30_HP2,esriFieldTypeDouble,T2_LE30_HP2,b1g_joGbEOvFDroC,Household income is less than or equal to 30% of HAMFI AND has 1 or more of the 4 severe housing unit problems,matched,
b1g_joGbEOvFDroC,T3_LE30_SUBST,esriFieldTypeInteger,T3_LE30_SUBST,b1g_joGbEOvFDroC,Household income is less than or equal to 30% of HAMFI AND lacking complete plumbing or kitchen facilities,matched,
b1g_joGbEOvFDroC,T10_LE30_OC,esriFieldTypeInteger,T10_LE30_OC,b1g_joGbEOvFDroC,Household income is less than or equal to 30% of HAMFI AND persons per room is greater than 1,matched,
b1g_joGbEOvFDroC,T8_LE30_CB,esriFieldTypeDouble,T8_LE30_CB,b1g_joGbEOvFDroC,Household income is less than or equal to 30% of HAMFI AND housing cost burden is greater than 30%,matched,
b1g_joGbEOvFDroC,T8_LE30_CB50,esriFieldTypeDouble,T8_LE30_CB50,b1g_joGbEOvFDroC,Household income is less than or equal to 30% of HAMFI AND housing cost burden is greater than 50%,matched,
b1g_joGbEOvFDroC,T8_LE50,esriFieldTypeDouble,T8_LE50,b1g_joGbEOvFDroC,Household income is less than or equal to 50% of HAMFI,matched,
b1g_joGbEOvFDroC,T1_LE50_HP,esriFieldTypeDouble,T1_LE50_HP,b1g_joGbEOvFDroC,Household income is less than or equal to 50% of HAMFI AND has 1 or more of the 4 housing unit problems,matched,
b1g_joGbEOvFDroC,T2_LE50_HP2,esriFieldTypeDouble,T2_LE50_HP2,b1g_joGbEOvFDroC,Household income is less than or equal to 50% of HAMFI AND has 1 or more of the 4 severe housing unit problems,matched,
b1g_joGbEOvFDroC,T3_LE50_SUBST,esriFieldTypeInteger,T3_LE50_SUBST,b1g_joGbEOvFDroC,Household income is less than or equal to 50% of HAMFI AND lacking complete plumbing or kitchen facilities,matched,
b1g_joGbEOvFDroC,T10_LE50_OC,esriFieldTypeInteger,T10_LE50_OC,b1g_joGbEOvFDroC,Household income is less than or equal to 50% of HAMFI AND persons per room is greater than 1,matched,
b1g_joGbEOvFDroC,T8_LE50_CB,esriFieldTypeDouble,T8_LE50_CB,b1g_joGbEOvFDroC,Household income is less than or equal to 50% of HAMFI AND housing cost burden is greater than 30%,matched,
b1g_joGbEOvFDroC,T8_LE50_CB50,esriFieldTypeDouble,T8_LE50_CB50,b1g_joGbEOvFDroC,Household income is less than or equal to 50% of HAMFI AND housing cost burden is greater than 50%,matched,
b1g_joGbEOvFDroC,T8_LE80,esriFieldTypeDouble,T8_LE80,b1g_joGbEOvFDroC,Household income is less than or equal to 80% of HAMFI,matched,
b1g_joGbEOvFDroC,T1_LE80_HP,esriFieldTypeDouble,T1_LE80_HP,b1g_joGbEOvFDroC,Household income is less than or equal to 80% of HAMFI AND has 1 or more of the 4 housing unit problems,matched,
b1g_joGbEOvFDroC,T2_LE80_HP2,esriFieldTypeDouble,T2_LE80_HP2,b1g_joGbEOvFDroC,Household income is less than or equal to 80% of HAMFI AND has 1 or more of the 4 severe housing unit problems,matched,
b1g_joGbEOvFDroC,T3_LE80_SUBST,esriFieldTypeInteger,T3_LE80_SUBST,b1g_joGbEOvFDroC,Household income is less than or equal to 80% of HAMFI AND lacking complete plumbing or kitchen facilities,matched,
b1g_joGbEOvFDroC,T10_LE80_OC,esriFieldTypeInteger,T10_LE80_OC,b1g_joGbEOvFDroC,Household income is less than or equal to 80% of HAMFI AND persons per room is greater than 1,matched,
b1g_joGbEOvFDroC,T8_LE80_CB,esriFieldTypeDouble,T8_LE80_CB,b1g_joGbEOvFDroC,Household income is less than or equal to 80% of HAMFI AND housing cost burden is greater than 30%,matched,
b1g_joGbEOvFDroC,T8_LE80_CB50,esriFieldTypeDouble,T8_LE80_CB50,b1g_joGbEOvFDroC,Household income is less than or equal to 80% of HAMFI AND housing cost burden is greater than 50%,matched,
b1g_joGbEOvFDroC,T1_LE30_HP_PCT,esriFieldTypeDouble,T1_LE30_HP_PCT,b1g_joGbEOvFDroC,Percent of extremely low income households (household income less than or equal to 30% HAMFI) with any of the 4 housing problems,matched,
b1g_joGbEOvFDroC,T2_LE30_HP2_PCT,esriFieldTypeDouble,T2_LE30_HP2_PCT,b1g_joGbEOvFDroC,Percent of extremely low income households (household income less than or equal to 30% HAMFI) with any of the 4 severe housing problems,matched,
b1g_joGbEOvFDroC,T3_LE30_SUBST_PCT,esriFieldTypeDouble,T3_LE30_SUBST_PCT,b1g_joGbEOvFDroC,Percent of extremely low income households (household income less than or equal to 30% HAMFI) without complete kitchen and plumbing,matched,
b1g_joGbEOvFDroC,T10_LE30_OC_PCT,esriFieldTypeDouble,T10_LE30_OC_PCT,b1g_joGbEOvFDroC,Percent of extremely low income households (household income less than or equal to 30% HAMFI) with more than one person per room,matched,
b1g_joGbEOvFDroC,T8_LE30_CB_PCT,esriFieldTypeDouble,T8_LE30_CB_PCT,b1g_joGbEOvFDroC,Percent of extremely low income households (household income less than or equal to 30% HAMFI) with cost burden over 30%,matched,
b1g_joGbEOvFDroC,T8_LE30_CB50_PCT,esriFieldTypeDouble,T8_LE30_CB50_PCT,b1g_joGbEOvFDroC,Percent of extremely low income households (household income less than or equal to 30% HAMFI) with cost burden over 50%,matched,
b1g_joGbEOvFDroC,T1_LE50_HP_PCT,esriFieldTypeDouble,T1_LE50_HP_PCT,b1g_joGbEOvFDroC,Percent of low income households (household income less than or equal to 50% HAMFI) with any of the 4 housing problems,matched,
b1g_joGbEOvFDroC,T2_LE50_HP2_PCT,esriFieldTypeDouble,T2_LE50_HP2_PCT,b1g_joGbEOvFDroC,Percent of low income households (household income less than or equal to 50% HAMFI) with any of the 4 severe housing problems,matched,
b1g_joGbEOvFDroC,T3_LE50_SUBST_PCT,esriFieldTypeDouble,T3_LE50_SUBST_PCT,b1g_joGbEOvFDroC,Percent of low income households (household income less than or equal to 50% HAMFI) without complete kitchen and plumbing,matched,
b1g_joGbEOvFDroC,T10_LE50_OC_PCT,esriFieldTypeDouble,T10_LE50_OC_PCT,b1g_joGbEOvFDroC,Percent of low income households (household income less than or equal to 50% HAMFI) with more than one person per room,matched,
b1g_joGbEOvFDroC,T8_LE50_CB_PCT,esriFieldTypeDouble,T8_LE50_CB_PCT,b1g_joGbEOvFDroC,Percent of low income households (household income less than or equal to 50% HAMFI) with cost burden over 30%,matched,
b1g_joGbEOvFDroC,T8_LE50_CB50_PCT,esriFieldTypeDouble,T8_LE50_CB50_PCT,b1g_joGbEOvFDroC,Percent of low income households (household income less than or equal to 50% HAMFI) with cost burden over 50%,matched,
b1g_joGbEOvFDroC,T1_LE80_HP_PCT,esriFieldTypeDouble,T1_LE80_HP_PCT,b1g_joGbEOvFDroC,Percent of low and moderate income households (household income less than or equal to 80% HAMFI) with any of the 4 housing problems,matched,
b1g_joGbEOvFDroC,T2_LE80_HP2_PCT,esriFieldTypeDouble,T2_LE80_HP2_PCT,b1g_joGbEOvFDroC,Percent of low and moderate income households (household income less than or equal to 80% HAMFI) with any of the 4 severe housing problems,matched,
b1g_joGbEOvFDroC,T3_LE80_SUBST_PCT,esriFieldTypeDouble,T3_LE80_SUBST_PCT,b1g_joGbEOvFDroC,Percent of low and moderate income households (household income less than or equal to 80% HAMFI) without complete kitchen and plumbing,matched,
b1g_joGbEOvFDroC,T10_LE80_OC_PCT,esriFieldTypeDouble,T10_LE80_OC_PCT,b1g_joGbEOvFDroC,Percent of low and moderate income households (household income less than or equal to 80% HAMFI) with more than one person per room,matched,
b1g_joGbEOvFDroC,T8_LE80_CB_PCT,esriFieldTypeDouble,T8_LE80_CB_PCT,b1g_joGbEOvFDroC,Percent of low and moderate income households (household income less than or equal to 80% HAMFI) with cost burden over 30%,matched,
b1g_joGbEOvFDroC,T8_LE80_CB50_PCT,esriFieldTypeDouble,T8_LE80_CB50_PCT,b1g_joGbEOvFDroC,Percent of low and moderate income households (household income less than or equal to 80% HAMFI) with cost burden over 50%,matched,
b1g_joGbEOvFDroC,T7_SF_LE30,esriFieldTypeInteger,T7_SF_LE30,b1g_joGbEOvFDroC,"Household income is less than or equal to 30% of HAMFI AND household type is small family (2 persons, neither person 62 years or over, or 3 or 4 persons)",matched,
b1g_joGbEOvFDroC,T7_LF_LE30,esriFieldTypeInteger,T7_LF_LE30,b1g_joGbEOvFDroC,Household income is less than or equal to 30% of HAMFI AND household type is large family (5 or more persons),matched,
b1g_joGbEOvFDroC,T7_SF_GT30_LE50,esriFieldTypeInteger,T7_SF_GT30_LE50,b1g_joGbEOvFDroC,"Household income is greater than 30% but less than or equal to 50% of HAMFI AND household type is small family (2 persons, neither person 62 years or over, or 3 or 4 persons)",matched,
b1g_joGbEOvFDroC,T7_LF_GT30_LE50,esriFieldTypeInteger,T7_LF_GT30_LE50,b1g_joGbEOvFDroC,Household income is greater than 30% but less than or equal to 50% of HAMFI AND household type is large family (5 or more persons),matched,
b1g_joGbEOvFDroC,T7_SF_GT50_LE80,esriFieldTypeInteger,T7_SF_GT50_LE80,b1g_joGbEOvFDroC,"Household income is greater than 50% but less than or equal to 80% of HAMFI AND household type is small family (2 persons, neither person 62 years or over, or 3 or 4 persons)",matched,
b1g_joGbEOvFDroC,T7_LF_GT50_LE80,esriFieldTypeInteger,T7_LF_GT50_LE80,b1g_joGbEOvFDroC,Household income is greater than 50% but less than or equal to 80% of HAMFI AND household type is large family (5 or more persons),matched,
b1g_joGbEOvFDroC,T7_SF_GT80_LE100,esriFieldTypeDouble,T7_SF_GT80_LE100,b1g_joGbEOvFDroC,"Household income is greater than 80% but less than or equal to 100% of HAMFI AND household type is small family (2 persons, neither person 62 years or over, or 3 or 4 persons)",matched,
b1g_joGbEOvFDroC,T7_LF_GT80_LE100,esriFieldTypeInteger,T7_LF_GT80_LE100,b1g_joGbEOvFDroC,Household income is greater than 80% but less than or equal to 100% of HAMFI AND household type is large family (5 or more persons),matched,
b1g_joGbEOvFDroC,T7_SF_GT100,esriFieldTypeDouble,T7_SF_GT100,b1g_joGbEOvFDroC,"Household income is greater than 100% of HAMFI AND household type is small family (2 persons, neither person 62 years or over, or 3 or 4 persons)",matched,
b1g_joGbEOvFDroC,T7_LF_GT100,esriFieldTypeInteger,T7_LF_GT100,b1g_joGbEOvFDroC,Household income is greater than 100% of HAMFI AND household type is large family (5 or more persons),matched,
b1g_joGbEOvFDroC,T13_LE30_CHL,esriFieldTypeInteger,T13_LE30_CHL,b1g_joGbEOvFDroC,Household income is less than or equal to 30% of HAMFI AND household contains 1 or more children age 6 or younger,matched,
b1g_joGbEOvFDroC,T13_GT30_LE50_CHL,esriFieldTypeInteger,T13_GT30_LE50_CHL,b1g_joGbEOvFDroC,Household income is greater than 30% but less than or equal to 50% of HAMFI AND household contains 1 or more children age 6 or younger,matched,
b1g_joGbEOvFDroC,T13_GT50_LE80_CHL,esriFieldTypeInteger,T13_GT50_LE80_CHL,b1g_joGbEOvFDroC,Household income is greater than 50% but less than or equal to 80% of HAMFI AND household contains 1 or more children age 6 or younger,matched,
b1g_joGbEOvFDroC,T13_GT80_LE100_CHL,esriFieldTypeDouble,T13_GT80_LE100_CHL,b1g_joGbEOvFDroC,Household income is greater than 80% but less than or equal to 100% of HAMFI  AND household contains 1 or more children age 6 or younger,matched,
b1g_joGbEOvFDroC,T13_GT100_CHL,esriFieldTypeInteger,T13_GT100_CHL,b1g_joGbEOvFDroC,Household income is greater than 100% of HAMFI  AND household contains 1 or more children age 6 or younger,matched,
b1g_joGbEOvFDroC,T5_LE30_ELD,esriFieldTypeInteger,T5_LE30_ELD,b1g_joGbEOvFDroC,Household income is less than or equal to 30% of HAMFI AND household contains at least 1 person age 62-74 but no one age 75+,matched,
b1g_joGbEOvFDroC,T5_GT30_LE50_ELD,esriFieldTypeInteger,T5_GT30_LE50_ELD,b1g_joGbEOvFDroC,Household income is greater than 30% but less than or equal to 50% of HAMFI AND household contains at least 1 person age 62-74 but no one age 75+,matched,
b1g_joGbEOvFDroC,T5_GT50_LE80_ELD,esriFieldTypeInteger,T5_GT50_LE80_ELD,b1g_joGbEOvFDroC,Household income is greater than 50% but less than or equal to 80% of HAMFI AND household contains at least 1 person age 62-74 but no one age 75+,matched,
b1g_joGbEOvFDroC,T5_GT80_LE100_ELD,esriFieldTypeInteger,T5_GT80_LE100_ELD,b1g_joGbEOvFDroC,Household income is greater than 80% but less than or equal to 100% of HAMFI AND household contains at least 1 person age 62-74 but no one age 75+,matched,
b1g_joGbEOvFDroC,T5_GT100_ELD,esriFieldTypeInteger,T5_GT100_ELD,b1g_joGbEOvFDroC,Household income is greater than 100% of HAMFI AND household contains at least 1 person age 62-74 but no one age 75+,matched,
b1g_joGbEOvFDroC,T5_LE30_XELD,esriFieldTypeInteger,T5_LE30_XELD,b1g_joGbEOvFDroC,Household income is less than or equal to 30% of HAMFI AND household contains at least 1 person age 75+,matched,
b1g_joGbEOvFDroC,T5_GT30_LE50_XELD,esriFieldTypeInteger,T5_GT30_LE50_XELD,b1g_joGbEOvFDroC,Household income is greater than 30% but less than or equal to 50% of HAMFI AND household contains at least 1 person age 75+,matched,
b1g_joGbEOvFDroC,T5_GT50_LE80_XELD,esriFieldTypeInteger,T5_GT50_LE80_XELD,b1g_joGbEOvFDroC,Household income is greater than 50% but less than or equal to 80% of HAMFI AND household contains at least 1 person age 75+,matched,
b1g_joGbEOvFDroC,T5_GT80_LE100_XELD,esriFieldTypeInteger,T5_GT80_LE100_XELD,b1g_joGbEOvFDroC,Household income is greater than 80% but less than or equal to 100% of HAMFI AND household contains at least 1 person age 75+,matched,
b1g_joGbEOvFDroC,T5_GT100_XELD,esriFieldTypeInteger,T5_GT100_XELD,b1g_joGbEOvFDroC,Household income is greater than 100% of HAMFI AND household contains at least 1 person age 75+,matched,
b1g_joGbEOvFDroC,T1_HP,esriFieldTypeDouble,T1_HP,b1g_joGbEOvFDroC,Has one of the 4 housing unit problems,matched,
b1g_joGbEOvFDroC,T2_HP2,esriFieldTypeDouble,T2_HP2,b1g_joGbEOvFDroC,Has one of the 4 severe housing unit problems,matched,
b1g_joGbEOvFDroC,T3_SUBST,esriFieldTypeDouble,T3_SUBST,b1g_joGbEOvFDroC,Lacks complete plumbing or kitchen facilities,matched,
b1g_joGbEOvFDroC,T8_CB50,esriFieldTypeDouble,T8_CB50,b1g_joGbEOvFDroC,Housing cost burden greater than 50%,matched,
b1g_joGbEOvFDroC,T8_CB,esriFieldTypeDouble,T8_CB,b1g_joGbEOvFDroC,Housing cost burden greater than 30%,matched,
b1g_joGbEOvFDroC,T8_EST23,esriFieldTypeInteger,T8_EST23,b1g_joGbEOvFDroC,Owner occupied AND household income is greater than 30% but less than or equal to 50% of HAMFI AND housing cost burden is greater than 50%,matched,
b1g_joGbEOvFDroC,T8_EST89,esriFieldTypeInteger,T8_EST89,b1g_joGbEOvFDroC,Renter occupied AND household income is greater than 30% but less than or equal to 50% of HAMFI AND housing cost burden is greater than 50%,matched,
b1g_joGbEOvFDroC,T8_GT30_LE50_CB50,esriFieldTypeInteger,T8_GT30_LE50_CB50,b1g_joGbEOvFDroC,Household income is greater than 30% but less than or equal to 50% of HAMFI AND housing cost burden is greater than 50%,matched,
b1g_joGbEOvFDroC,T8_EST36,esriFieldTypeInteger,T8_EST36,b1g_joGbEOvFDroC,Owner occupied AND household income is greater than 50% but less than or equal to 80% of HAMFI AND housing cost burden is greater than 50%,matched,
b1g_joGbEOvFDroC,T8_EST102,esriFieldTypeInteger,T8_EST102,b1g_joGbEOvFDroC,Renter occupied AND household income is greater than 50% but less than or equal to 80% of HAMFI AND housing cost burden is greater than 50%,matched,
b1g_joGbEOvFDroC,T8_GT50_LE80_CB50,esriFieldTypeInteger,T8_GT50_LE80_CB50,b1g_joGbEOvFDroC,Household income is greater than 50% but less than or equal to 80% of HAMFI AND housing cost burden is greater than 50%,matched,
b1g_joGbEOvFDroC,T8_EST49,esriFieldTypeInteger,T8_EST49,b1g_joGbEOvFDroC,Owner occupied AND household income is greater than 80% but less than or equal to 100% of HAMFI AND housing cost burden is greater than 50%,matched,
b1g_joGbEOvFDroC,T8_EST115,esriFieldTypeInteger,T8_EST115,b1g_joGbEOvFDroC,Renter occupied AND household income is greater than 80% but less than or equal to 100% of HAMFI AND housing cost burden is greater than 50%,matched,
b1g_joGbEOvFDroC,T8_GT80_LE100_CB50,esriFieldTypeInteger,T8_GT80_LE100_CB50,b1g_joGbEOvFDroC,Household income is greater than 80% but less than or equal to 100% of HAMFI AND housing cost burden is greater than 50%,matched,
b1g_joGbEOvFDroC,T8_GT30_LE50_CB_O,esriFieldTypeInteger,T8_GT30_LE50_CB_O,b1g_joGbEOvFDroC,Owner occupied AND household income is greater than 30% but less than or equal to 50% of HAMFI AND housing cost burden is greater than 30%,matched,
b1g_joGbEOvFDroC,T8_GT30_LE50_CB_R,esriFieldTypeInteger,T8_GT30_LE50_CB_R,b1g_joGbEOvFDroC,Renter occupied AND household income is greater than 30% but less than or equal to 50% of HAMFI AND housing cost burden is greater than 30%,matched,
b1g_joGbEOvFDroC,T8_GT30_LE50_CB,esriFieldTypeDouble,T8_GT30_LE50_CB,b1g_joGbEOvFDroC,Household income is greater than 30% but less than or equal to 50% of HAMFI AND housing cost burden is greater than 30%,matched,
b1g_joGbEOvFDroC,T8_GT50_LE80_CB_O,esriFieldTypeInteger,T8_GT50_LE80_CB_O,b1g_joGbEOvFDroC,Owner occupied AND household income is greater than 50% but less than or equal to 80% of HAMFI AND housing cost burden is greater than 30%,matched,
b1g_joGbEOvFDroC,T8_GT50_LE80_CB_R,esriFieldTypeInteger,T8_GT50_LE80_CB_R,b1g_joGbEOvFDroC,Renter occupied AND household income is greater than 50% but less than or equal to 80% of HAMFI AND housing cost burden is greater than 30%,matched,
b1g_joGbEOvFDroC,T8_GT50_LE80_CB,esriFieldTypeDouble,T8_GT50_LE80_CB,b1g_joGbEOvFDroC,Household income is greater than 50% but less than or equal to 80% of HAMFI AND housing cost burden is greater than 30%,matched,
b1g_joGbEOvFDroC,T8_GT80_LE100_CB_O,esriFieldTypeInteger,T8_GT80_LE100_CB_O,b1g_joGbEOvFDroC,Owner occupied AND household income is greater than 80% but less than or equal to 100% of HAMFI AND housing cost burden is greater than 30%,matched,
b1g_joGbEOvFDroC,T8_GT80_LE100_CB_R,esriFieldTypeInteger,T8_GT80_LE100_CB_R,b1g_joGbEOvFDroC,Renter occupied AND household income is greater than 80% but less than or equal to 100% of HAMFI AND housing cost burden is greater than 30%,matched,
b1g_joGbEOvFDroC,T8_GT80_LE100_CB,esriFieldTypeInteger,T8_GT80_LE100_CB,b1g_joGbEOvFDroC,Household income is greater than 80% but less than or equal to 100% of HAMFI AND housing cost burden is greater than 30%,matched,
b1g_joGbEOvFDroC,T10_GT30_LE50_OC_O,esriFieldTypeInteger,T10_GT30_LE50_OC_O,b1g_joGbEOvFDroC,Owner occupied AND persons per room is greater than 1 AND household income is greater than 30% but less than or equal to 50% of HAMFI,matched,
b1g_joGbEOvFDroC,T10_GT30_LE50_OC_R,esriFieldTypeInteger,T10_GT30_LE50_OC_R,b1g_joGbEOvFDroC,Renter occupied AND persons per room is greater than 1 AND household income is greater than 30% but less than or equal to 50% of HAMFI,matched,
b1g_joGbEOvFDroC,T10_GT30_LE50_OC,esriFieldTypeInteger,T10_GT30_LE50_OC,b1g_joGbEOvFDroC,Persons per room is greater than 1 AND household income is greater than 30% but less than or equal to 50% of HAMFI,matched,
b1g_joGbEOvFDroC,T10_GT50_LE80_OC_O,esriFieldTypeInteger,T10_GT50_LE80_OC_O,b1g_joGbEOvFDroC,Owner occupied AND persons per room is greater than 1 AND household income is greater than 50% but less than or equal to 80% of HAMFI,matched,
b1g_joGbEOvFDroC,T10_GT50_LE80_OC_R,esriFieldTypeInteger,T10_GT50_LE80_OC_R,b1g_joGbEOvFDroC,Renter occupied AND persons per room is greater than 1 AND household income is greater than 50% but less than or equal to 80% of HAMFI,matched,
b1g_joGbEOvFDroC,T10_GT50_LE80_OC,esriFieldTypeInteger,T10_GT50_LE80_OC,b1g_joGbEOvFDroC,Persons per room is greater than 1 AND household income is greater than 50% but less than or equal to 80% of HAMFI,matched,
b1g_joGbEOvFDroC,T10_GT80_LE100_OC_O,esriFieldTypeInteger,T10_GT80_LE100_OC_O,b1g_joGbEOvFDroC,Owner occupied AND persons per room is greater than 1 AND household income is greater than 80% but less than or equal to 100% of HAMFI,matched,
b1g_joGbEOvFDroC,T10_GT80_LE100_OC_R,esriFieldTypeInteger,T10_GT80_LE100_OC_R,b1g_joGbEOvFDroC,Renter occupied AND persons per room is greater than 1 AND household income is greater than 80% but less than or equal to 100% of HAMFI,matched,
b1g_joGbEOvFDroC,T10_GT80_LE100_OC,esriFieldTypeInteger,T10_GT80_LE100_OC,b1g_joGbEOvFDroC,Persons per room is greater than 1 AND household income is greater than 80% but less than or equal to 100% of HAMFI,matched,
b1g_joGbEOvFDroC,T8_GT30_LE50,esriFieldTypeDouble,T8_GT30_LE50,b1g_joGbEOvFDroC,Household income is greater than 30% but less than or equal to 50% of HAMFI,matched,
b1g_joGbEOvFDroC,T8_GT50_LE80,esriFieldTypeDouble,T8_GT50_LE80,b1g_joGbEOvFDroC,Household income is greater than 50% but less than or equal to 80% of HAMFI,matched,
b1g_joGbEOvFDroC,T8_GT80_LE100,esriFieldTypeDouble,T8_GT80_LE100,b1g_joGbEOvFDroC,Household income is greater than 80% but less than or equal to 100% of HAMFI,matched,
b1g_joGbEOvFDroC,T8_GT100,esriFieldTypeDouble,T8_GT100,b1g_joGbEOvFDroC,Household income is greater than 100% of HAMFI,matched,
b1g_joGbEOvFDroC,T8_LE100,esriFieldTypeDouble,T8_LE100,b1g_joGbEOvFDroC,Household income is less than or equal to 100% of HAMFI,matched,
b1g_joGbEOvFDroC,T13_LBP1,esriFieldTypeDouble,T13_LBP1,b1g_joGbEOvFDroC,Structure built in 1979 or earlier AND household contains 1 or more children age 6 or younger,matched,
b1g_joGbEOvFDroC,T13_LBP2,esriFieldTypeDouble,T13_LBP2,b1g_joGbEOvFDroC,Owner occupiedStructure built in 1979 or earlier AND household contains 1 or more children age 6 or younger,matched,
b1g_joGbEOvFDroC,T13_LBP3,esriFieldTypeDouble,T13_LBP3,b1g_joGbEOvFDroC,Renter occupiedStructure built in 1979 or earlier AND household contains 1 or more children age 6 or younger,matched,
b1g_joGbEOvFDroC,T10_HOMELESS_RISK1,esriFieldTypeInteger,T10_HOMELESS_RISK1,b1g_joGbEOvFDroC,Renter occupied AND persons per room is greater than 1 AND household income is less than or equal to 50% of HAMFI AND household type at risk of homelessness (non-family household or family household with at least one subfamily),matched,
b1g_joGbEOvFDroC,T8_LE30_PCT,esriFieldTypeDouble,T8_LE30_PCT,b1g_joGbEOvFDroC,Percent of all households with household income less than or equal to 30% of HAMFI (extremely low income),matched,
b1g_joGbEOvFDroC,T8_LE50_PCT,esriFieldTypeDouble,T8_LE50_PCT,b1g_joGbEOvFDroC,Percent of all households with household income less than or equal to 50% of HAMFI (low income),matched,
b1g_joGbEOvFDroC,T8_LE80_PCT,esriFieldTypeDouble,T8_LE80_PCT,b1g_joGbEOvFDroC,Percent of all households with household income less than or equal to 80% of HAMFI (moderate income),matched,
b1g_joGbEOvFDroC,T8_LE100_PCT,esriFieldTypeDouble,T8_LE100_PCT,b1g_joGbEOvFDroC,Percent of all households with household income less than or equal to 100% of HAMFI,matched,
b1g_joGbEOvFDroC,T3_SUBST_PCT,esriFieldTypeDouble,T3_SUBST_PCT,b1g_joGbEOvFDroC,Percent of all households without complete kitchen and plumbing,matched,
b1g_joGbEOvFDroC,T1_HP_PCT,esriFieldTypeDouble,T1_HP_PCT,b1g_joGbEOvFDroC,Percent of all households with any of the 4 housing problems,matched,
b1g_joGbEOvFDroC,T2_HP2_PCT,esriFieldTypeDouble,T2_HP2_PCT,b1g_joGbEOvFDroC,Percent of all households with any of the 4 severe housing problems,matched,
b1g_joGbEOvFDroC,T8_CB50_PCT,esriFieldTypeDouble,T8_CB50_PCT,b1g_joGbEOvFDroC,Percent of all households with cost burden over 50%,matched,
b1g_joGbEOvFDroC,T8_CB_PCT,esriFieldTypeDouble,T8_CB_PCT,b1g_joGbEOvFDroC,Percent of all households with cost burden over 30%,matched,
b1g_joGbEOvFDroC,AFF_AVAIL_30_R,esriFieldTypeInteger,AFF_AVAIL_30_R,b1g_joGbEOvFDroC,Renter occupied OR vacant for rent AND gross rent would be affordable to a household with income equal to 30% of HAMFI AND unit is vacant (available) or occupied by a household with income less than or equal to 30% of HAMFI.,matched,
b1g_joGbEOvFDroC,AFF_AVAIL_50_R,esriFieldTypeInteger,AFF_AVAIL_50_R,b1g_joGbEOvFDroC,Renter occupied OR vacant for rent AND gross rent would be affordable to a household with income equal to 50% of HAMFI AND unit is vacant (available) or occupied by a household with income less than or equal to 50% of HAMFI.,matched,
b1g_joGbEOvFDroC,AFF_AVAIL_80_R,esriFieldTypeDouble,AFF_AVAIL_80_R,b1g_joGbEOvFDroC,Renter occupied OR vacant for rent AND gross rent would be affordable to a household with income equal to 80% of HAMFI AND unit is vacant (available) or occupied by a household with income less than or equal to 80% of HAMFI.,matched,
b1g_joGbEOvFDroC,AFF_AVAIL_50_O,esriFieldTypeInteger,AFF_AVAIL_50_O,b1g_joGbEOvFDroC,Owner occupied OR vacant for sale AND home value would be affordable to a household with income equal to 50% of HAMFI AND unit is vacant (available) or occupied by a household with income less than or equal to 50% of HAMFI.,matched,
b1g_joGbEOvFDroC,AFF_AVAIL_80_O,esriFieldTypeDouble,AFF_AVAIL_80_O,b1g_joGbEOvFDroC,Owner occupied OR vacant for sale AND home value would be affordable to a household with income equal to 80% of HAMFI AND unit is vacant (available) or occupied by a household with income less than or equal to 80% of HAMFI.,matched,
b1g_joGbEOvFDroC,AFF_AVAIL_100_O,esriFieldTypeDouble,AFF_AVAIL_100_O,b1g_joGbEOvFDroC,Owner occupied OR vacant for sale AND home value would be affordable to a household with income equal to 100% of HAMFI AND unit is vacant (available) or occupied by a household with income less than or equal to 100% of HAMFI.,matched,
b1g_joGbEOvFDroC,RENT_DENOM,esriFieldTypeDouble,RENT_DENOM,b1g_joGbEOvFDroC,Renter occupied OR vacant for rent,matched,
b1g_joGbEOvFDroC,OWN_DENOM,esriFieldTypeDouble,OWN_DENOM,b1g_joGbEOvFDroC,Owner occupied OR vacant for sale,matched,
b1g_joGbEOvFDroC,AFF_AVAIL_30_R_PCT,esriFieldTypeDouble,AFF_AVAIL_30_R_PCT,b1g_joGbEOvFDroC,AFF_AVAIL_30_R as a percentage of all renter occupied or vacant-for-rent units,matched,
b1g_joGbEOvFDroC,AFF_AVAIL_50_R_PCT,esriFieldTypeDouble,AFF_AVAIL_50_R_PCT,b1g_joGbEOvFDroC,AFF_AVAIL_50_R as a percentage of all renter occupied or vacant-for-rent units,matched,
b1g_joGbEOvFDroC,AFF_AVAIL_80_R_PCT,esriFieldTypeDouble,AFF_AVAIL_80_R_PCT,b1g_joGbEOvFDroC,AFF_AVAIL_80_R as a percentage of all renter occupied or vacant-for-rent units,matched,
b1g_joGbEOvFDroC,AFF_AVAIL_50_O_PCT,esriFieldTypeDouble,AFF_AVAIL_50_O_PCT,b1g_joGbEOvFDroC,AFF_AVAIL_50_O as a percentage of all owner occupied or vacant-for-sale units,matched,
b1g_joGbEOvFDroC,AFF_AVAIL_80_O_PCT,esriFieldTypeDouble,AFF_AVAIL_80_O_PCT,b1g_joGbEOvFDroC,AFF_AVAIL_80_O as a percentage of all owner occupied or vacant-for-sale units,matched,
b1g_joGbEOvFDroC,AFF_AVAIL_100_O_PCT,esriFieldTypeDouble,AFF_AVAIL_100_O_PCT,b1g_joGbEOvFDroC,AFF_AVAIL_100_O as a percentage of all owner occupied or vacant-for-sale units,matched,
b1g_joGbEOvFDroC,T7_GT80_LE100_SF_CB_R,esriFieldTypeInteger,T7_GT80_LE100_SF_CB_R,b1g_joGbEOvFDroC,"Renter occupied AND household income is greater than 80% but less than or equal to 100% of HAMFI AND household type is small family (2 persons, neither person 62 years or over, or 3 or 4 persons) AND housing cost burden is greater than 30%",matched,
b1g_joGbEOvFDroC,T7_GT100_SF_CB_R,esriFieldTypeInteger,T7_GT100_SF_CB_R,b1g_joGbEOvFDroC,"Renter occupied AND household income is greater than 100% of HAMFI AND household type is small family (2 persons, neither person 62 years or over, or 3 or 4 persons) AND housing cost burden is greater than 30%",matched,
b1g_joGbEOvFDroC,T7_GT80_LE100_SF_CB_O,esriFieldTypeInteger,T7_GT80_LE100_SF_CB_O,b1g_joGbEOvFDroC,"Owner occupied AND household income is greater than 80% but less than or equal to 100% of HAMFI AND household type is small family (2 persons, neither person 62 years or over, or 3 or 4 persons) AND housing cost burden is greater than 30%",matched,
b1g_joGbEOvFDroC,T7_GT100_SF_CB_O,esriFieldTypeInteger,T7_GT100_SF_CB_O,b1g_joGbEOvFDroC,"Owner occupied AND household income is greater than 100% of HAMFI AND household type is small family (2 persons, neither person 62 years or over, or 3 or 4 persons) AND housing cost burden is greater than 30%",matched,
b1g_joGbEOvFDroC,T7_GT80_LE100_LF_CB_R,esriFieldTypeInteger,T7_GT80_LE100_LF_CB_R,b1g_joGbEOvFDroC,Renter occupied AND household income is greater than 80% but less than or equal to 100% of HAMFI AND household type is large family (5 or more persons) AND housing cost burden is greater than 30%,matched,
b1g_joGbEOvFDroC,T7_GT100_LF_CB_R,esriFieldTypeInteger,T7_GT100_LF_CB_R,b1g_joGbEOvFDroC,Renter occupied AND household income is greater than 100% of HAMFI AND household type is large family (5 or more persons) AND housing cost burden is greater than 30%,matched,
b1g_joGbEOvFDroC,T7_GT80_LE100_LF_CB_O,esriFieldTypeInteger,T7_GT80_LE100_LF_CB_O,b1g_joGbEOvFDroC,Owner occupied AND household income is greater than 80% but less than or equal to 100% of HAMFI AND household type is large family (5 or more persons) AND housing cost burden is greater than 30%,matched,
b1g_joGbEOvFDroC,T7_GT100_LF_CB_O,esriFieldTypeInteger,T7_GT100_LF_CB_O,b1g_joGbEOvFDroC,Owner occupied AND household income is greater than 100% of HAMFI AND household type is large family (5 or more persons) AND housing cost burden is greater than 30%,matched,
b1g_joGbEOvFDroC,T7_GT80_LE100_ELD_CB_R,esriFieldTypeInteger,T7_GT80_LE100_ELD_CB_R,b1g_joGbEOvFDroC,"Renter occupied AND household income is greater than 80% but less than or equal to 100% of HAMFI AND household type is elderly (elderly non-family household or family household with 2 people, at least one of which is elderly) AND housing cost burden is greater than 30%",matched,
b1g_joGbEOvFDroC,T7_GT100_ELD_CB_R,esriFieldTypeInteger,T7_GT100_ELD_CB_R,b1g_joGbEOvFDroC,"Renter occupied AND household income is greater than 100% of HAMFI AND household type is elderly (elderly non-family household or family household with 2 people, at least one of which is elderly) AND housing cost burden is greater than 30%",matched,
b1g_joGbEOvFDroC,T7_GT80_LE100_ELD_CB_O,esriFieldTypeInteger,T7_GT80_LE100_ELD_CB_O,b1g_joGbEOvFDroC,"Owner occupied AND household income is greater than 80% but less than or equal to 100% of HAMFI AND household type is elderly (elderly non-family household or family household with 2 people, at least one of which is elderly) AND housing cost burden is greater than 30%",matched,
b1g_joGbEOvFDroC,T7_GT100_ELD_CB_O,esriFieldTypeInteger,T7_GT100_ELD_CB_O,b1g_joGbEOvFDroC,"Owner occupied AND household income is greater than 100% of HAMFI AND household type is elderly (elderly non-family household or family household with 2 people, at least one of which is elderly) AND housing cost burden is greater than 30%",matched,
b1g_joGbEOvFDroC,T7_GT80_LE100_OTHER_CB_R,esriFieldTypeInteger,T7_GT80_LE100_OTHER_CB_R,b1g_joGbEOvFDroC,Renter occupied AND household income is greater than 80% but less than or equal to 100% of HAMFI AND other household type (non-elderly non-family) AND housing cost burden is greater than 30%,matched,
b1g_joGbEOvFDroC,T7_GT100_OTHER_CB_R,esriFieldTypeInteger,T7_GT100_OTHER_CB_R,b1g_joGbEOvFDroC,Renter occupied AND household income is greater than 100% of HAMFI AND other household type (non-elderly non-family) AND housing cost burden is greater than 30%,matched,
b1g_joGbEOvFDroC,T7_GT80_LE100_OTHER_CB_O,esriFieldTypeInteger,T7_GT80_LE100_OTHER_CB_O,b1g_joGbEOvFDroC,Owner occupied AND household income is greater than 80% but less than or equal to 100% of HAMFI AND other household type (non-elderly non-family) AND housing cost burden is greater than 30%,matched,
b1g_joGbEOvFDroC,T7_GT100_OTHER_CB_O,esriFieldTypeInteger,T7_GT100_OTHER_CB_O,b1g_joGbEOvFDroC,Owner occupied AND household income is greater than 100% of HAMFI AND other household type (non-elderly non-family) AND housing cost burden is greater than 30%,matched,
b1g_joGbEOvFDroC,T7_GT80_LE100_ELD_CB50_R,esriFieldTypeInteger,T7_GT80_LE100_ELD_CB50_R,b1g_joGbEOvFDroC,"Renter occupied AND household income is greater than 80% but less than or equal to 100% of HAMFI AND household type is elderly (elderly non-family household or family household with 2 people, at least one of which is elderly) AND housing cost burden is greater than 50%",matched,
b1g_joGbEOvFDroC,T7_GT100_ELD_CB50_R,esriFieldTypeInteger,T7_GT100_ELD_CB50_R,b1g_joGbEOvFDroC,"Renter occupied AND household income is greater than 100% of HAMFI AND household type is elderly (elderly non-family household or family household with 2 people, at least one of which is elderly) AND housing cost burden is greater than 50%",matched,
b1g_joGbEOvFDroC,T7_GT80_LE100_ELD_CB50_O,esriFieldTypeInteger,T7_GT80_LE100_ELD_CB50_O,b1g_joGbEOvFDroC,"Owner occupied AND household income is greater than 80% but less than or equal to 100% of HAMFI AND household type is elderly (elderly non-family household or family household with 2 people, at least one of which is elderly) AND housing cost burden is greater than 50%",matched,
b1g_joGbEOvFDroC,T7_GT100_ELD_CB50_O,esriFieldTypeInteger,T7_GT100_ELD_CB50_O,b1g_joGbEOvFDroC,"Owner occupied AND household income is greater than 100% of HAMFI AND household type is elderly (elderly non-family household or family household with 2 people, at least one of which is elderly) AND housing cost burden is greater than 50%",matched,
b1g_joGbEOvFDroC,T7_EST221,esriFieldTypeInteger,T7_EST221,b1g_joGbEOvFDroC,"Renter occupied AND household income is greater than 80% but less than or equal to 100% of HAMFI AND household type is small family (2 persons, neither person 62 years or over, or 3 or 4 persons) AND housing cost burden is greater than 50%",matched,
b1g_joGbEOvFDroC,T7_EST247,esriFieldTypeInteger,T7_EST247,b1g_joGbEOvFDroC,"Renter occupied AND household income is greater than 100% of HAMFI AND household type is small family (2 persons, neither person 62 years or over, or 3 or 4 persons) AND housing cost burden is greater than 50%",matched,
b1g_joGbEOvFDroC,T7_EST90,esriFieldTypeInteger,T7_EST90,b1g_joGbEOvFDroC,"Owner occupied AND household income is greater than 80% but less than or equal to 100% of HAMFI AND household type is small family (2 persons, neither person 62 years or over, or 3 or 4 persons) AND housing cost burden is greater than 50%",matched,
b1g_joGbEOvFDroC,T7_EST116,esriFieldTypeInteger,T7_EST116,b1g_joGbEOvFDroC,"Owner occupied AND household income is greater than 100% of HAMFI AND household type is small family (2 persons, neither person 62 years or over, or 3 or 4 persons) AND housing cost burden is greater than 50%",matched,
b1g_joGbEOvFDroC,T7_EST226,esriFieldTypeInteger,T7_EST226,b1g_joGbEOvFDroC,Renter occupied AND household income is greater than 80% but less than or equal to 100% of HAMFI AND household type is large family (5 or more persons) AND housing cost burden is greater than 50%,matched,
b1g_joGbEOvFDroC,T7_EST252,esriFieldTypeInteger,T7_EST252,b1g_joGbEOvFDroC,Renter occupied AND household income is greater than 100% of HAMFI AND household type is large family (5 or more persons) AND housing cost burden is greater than 50%,matched,
b1g_joGbEOvFDroC,T7_EST95,esriFieldTypeInteger,T7_EST95,b1g_joGbEOvFDroC,Owner occupied AND household income is greater than 80% but less than or equal to 100% of HAMFI AND household type is large family (5 or more persons) AND housing cost burden is greater than 50%,matched,
b1g_joGbEOvFDroC,T7_EST121,esriFieldTypeInteger,T7_EST121,b1g_joGbEOvFDroC,Owner occupied AND household income is greater than 100% of HAMFI AND household type is large family (5 or more persons) AND housing cost burden is greater than 50%,matched,
b1g_joGbEOvFDroC,T7_EST236,esriFieldTypeInteger,T7_EST236,b1g_joGbEOvFDroC,Renter occupied AND household income is greater than 80% but less than or equal to 100% of HAMFI AND other household type (non-elderly non-family) AND housing cost burden is greater than 50%,matched,
b1g_joGbEOvFDroC,T7_EST262,esriFieldTypeInteger,T7_EST262,b1g_joGbEOvFDroC,Renter occupied AND household income is greater than 100% of HAMFI AND other household type (non-elderly non-family) AND housing cost burden is greater than 50%,matched,
b1g_joGbEOvFDroC,T7_EST105,esriFieldTypeInteger,T7_EST105,b1g_joGbEOvFDroC,Owner occupied AND household income is greater than 80% but less than or equal to 100% of HAMFI AND other household type (non-elderly non-family) AND housing cost burden is greater than 50%,matched,
b1g_joGbEOvFDroC,T7_EST131,esriFieldTypeInteger,T7_EST131,b1g_joGbEOvFDroC,Owner occupied AND household income is greater than 100% of HAMFI AND other household type (non-elderly non-family) AND housing cost burden is greater than 50%,matched,
b1g_joGbEOvFDroC,T8_LE30_CB_O,esriFieldTypeInteger,T8_LE30_CB_O,b1g_joGbEOvFDroC,Owner occupied AND household income is less than or equal to 30% of HAMFI AND housing cost burden is greater than 30%,matched,
b1g_joGbEOvFDroC,T8_LE30_CB_R,esriFieldTypeInteger,T8_LE30_CB_R,b1g_joGbEOvFDroC,Renter occupied AND household income is less than or equal to 30% of HAMFI AND housing cost burden is greater than 30%,matched,
b1g_joGbEOvFDroC,T13_LE30_CHL_R,esriFieldTypeInteger,T13_LE30_CHL_R,b1g_joGbEOvFDroC,Renter occupiedHousehold income is less than or equal to 30% of HAMFI AND household contains 1 or more children age 6 or younger,matched,
b1g_joGbEOvFDroC,T13_GT30_LE50_CHL_R,esriFieldTypeInteger,T13_GT30_LE50_CHL_R,b1g_joGbEOvFDroC,Renter occupiedHousehold income is greater than 30% but less than or equal to 50% of HAMFI AND household contains 1 or more children age 6 or younger,matched,
b1g_joGbEOvFDroC,T13_GT50_LE80_CHL_R,esriFieldTypeInteger,T13_GT50_LE80_CHL_R,b1g_joGbEOvFDroC,Renter occupiedHousehold income is greater than 50% but less than or equal to 80% of HAMFI AND household contains 1 or more children age 6 or younger,matched,
b1g_joGbEOvFDroC,T13_GT80_LE100_CHL_R,esriFieldTypeInteger,T13_GT80_LE100_CHL_R,b1g_joGbEOvFDroC,Renter occupiedHousehold income is greater than 80% but less than or equal to 100% of HAMFI  AND household contains 1 or more children age 6 or younger,matched,
b1g_joGbEOvFDroC,T13_GT100_CHL_R,esriFieldTypeInteger,T13_GT100_CHL_R,b1g_joGbEOvFDroC,Renter occupiedHousehold income is greater than 100% of HAMFI  AND household contains 1 or more children age 6 or younger,matched,
b1g_joGbEOvFDroC,T13_CHL_R,esriFieldTypeDouble,T13_CHL_R,b1g_joGbEOvFDroC,Renter occupied AND household contains 1 or more children age 6 or younger,matched,
b1g_joGbEOvFDroC,T13_LE30_CHL_O,esriFieldTypeInteger,T13_LE30_CHL_O,b1g_joGbEOvFDroC,Owner occupiedHousehold income is less than or equal to 30% of HAMFI AND household contains 1 or more children age 6 or younger,matched,
b1g_joGbEOvFDroC,T13_GT30_LE50_CHL_O,esriFieldTypeInteger,T13_GT30_LE50_CHL_O,b1g_joGbEOvFDroC,Owner occupiedHousehold income is greater than 30% but less than or equal to 50% of HAMFI AND household contains 1 or more children age 6 or younger,matched,
b1g_joGbEOvFDroC,T13_GT50_LE80_CHL_O,esriFieldTypeInteger,T13_GT50_LE80_CHL_O,b1g_joGbEOvFDroC,Owner occupiedHousehold income is greater than 50% but less than or equal to 80% of HAMFI AND household contains 1 or more children age 6 or younger,matched,
b1g_joGbEOvFDroC,T13_GT80_LE100_CHL_O,esriFieldTypeInteger,T13_GT80_LE100_CHL_O,b1g_joGbEOvFDroC,Owner occupiedHousehold income is greater than 80% but less than or equal to 100% of HAMFI  AND household contains 1 or more children age 6 or younger,matched,
b1g_joGbEOvFDroC,T13_GT100_CHL_O,esriFieldTypeInteger,T13_GT100_CHL_O,b1g_joGbEOvFDroC,Owner occupiedHousehold income is greater than 100% of HAMFI  AND household contains 1 or more children age 6 or younger,matched,
b1g_joGbEOvFDroC,T13_CHL_O,esriFieldTypeInteger,T13_CHL_O,b1g_joGbEOvFDroC,Owner occupied AND household contains 1 or more children age 6 or younger,matched,
b1g_joGbEOvFDroC,T5_LE30_ELD_R,esriFieldTypeInteger,T5_LE30_ELD_R,b1g_joGbEOvFDroC,Renter occupied AND household income is less than or equal to 30% of HAMFI AND household contains at least 1 person age 62-74 but no one age 75+,matched,
b1g_joGbEOvFDroC,T5_GT30_LE50_ELD_R,esriFieldTypeInteger,T5_GT30_LE50_ELD_R,b1g_joGbEOvFDroC,Renter occupied AND household income is greater than 30% but less than or equal to 50% of HAMFI AND household contains at least 1 person age 62-74 but no one age 75+,matched,
b1g_joGbEOvFDroC,T5_GT50_LE80_ELD_R,esriFieldTypeInteger,T5_GT50_LE80_ELD_R,b1g_joGbEOvFDroC,Renter occupied AND household income is greater than 50% but less than or equal to 80% of HAMFI AND household contains at least 1 person age 62-74 but no one age 75+,matched,
b1g_joGbEOvFDroC,T5_GT80_LE100_ELD_R,esriFieldTypeInteger,T5_GT80_LE100_ELD_R,b1g_joGbEOvFDroC,Renter occupied AND household income is greater than 80% but less than or equal to 100% of HAMFI AND household contains at least 1 person age 62-74 but no one age 75+,matched,
b1g_joGbEOvFDroC,T5_GT100_ELD_R,esriFieldTypeInteger,T5_GT100_ELD_R,b1g_joGbEOvFDroC,Renter occupied AND household income is greater than 100% of HAMFI AND household contains at least 1 person age 62-74 but no one age 75+,matched,
b1g_joGbEOvFDroC,T5_LE30_XELD_R,esriFieldTypeInteger,T5_LE30_XELD_R,b1g_joGbEOvFDroC,Renter occupied AND household income is less than or equal to 30% of HAMFI AND household contains at least 1 person age 75+,matched,
b1g_joGbEOvFDroC,T5_GT30_LE50_XELD_R,esriFieldTypeInteger,T5_GT30_LE50_XELD_R,b1g_joGbEOvFDroC,Renter occupied AND household income is greater than 30% but less than or equal to 50% of HAMFI AND household contains at least 1 person age 75+,matched,
b1g_joGbEOvFDroC,T5_GT50_LE80_XELD_R,esriFieldTypeInteger,T5_GT50_LE80_XELD_R,b1g_joGbEOvFDroC,Renter occupied AND household income is greater than 50% but less than or equal to 80% of HAMFI AND household contains at least 1 person age 75+,matched,
b1g_joGbEOvFDroC,T5_GT80_LE100_XELD_R,esriFieldTypeInteger,T5_GT80_LE100_XELD_R,b1g_joGbEOvFDroC,Renter occupied AND household income is greater than 80% but less than or equal to 100% of HAMFI AND household contains at least 1 person age 75+,matched,
b1g_joGbEOvFDroC,T5_GT100_XELD_R,esriFieldTypeInteger,T5_GT100_XELD_R,b1g_joGbEOvFDroC,Renter occupied AND household income is greater than 100% of HAMFI AND household contains at least 1 person age 75+,matched,
b1g_joGbEOvFDroC,T5_LE30_ELD_O,esriFieldTypeInteger,T5_LE30_ELD_O,b1g_joGbEOvFDroC,Owner occupied AND household income is less than or equal to 30% of HAMFI AND household contains at least 1 person age 62-74 but no one age 75+,matched,
b1g_joGbEOvFDroC,T5_GT30_LE50_ELD_O,esriFieldTypeInteger,T5_GT30_LE50_ELD_O,b1g_joGbEOvFDroC,Owner occupied AND household income is greater than 30% but less than or equal to 50% of HAMFI AND household contains at least 1 person age 62-74 but no one age 75+,matched,
b1g_joGbEOvFDroC,T5_GT50_LE80_ELD_O,esriFieldTypeInteger,T5_GT50_LE80_ELD_O,b1g_joGbEOvFDroC,Owner occupied AND household income is greater than 50% but less than or equal to 80% of HAMFI AND household contains at least 1 person age 62-74 but no one age 75+,matched,
b1g_joGbEOvFDroC,T5_GT80_LE100_ELD_O,esriFieldTypeInteger,T5_GT80_LE100_ELD_O,b1g_joGbEOvFDroC,Owner occupied AND household income is greater than 80% but less than or equal to 100% of HAMFI AND household contains at least 1 person age 62-74 but no one age 75+,matched,
b1g_joGbEOvFDroC,T5_GT100_ELD_O,esriFieldTypeInteger,T5_GT100_ELD_O,b1g_joGbEOvFDroC,Owner occupied AND household income is greater than 100% of HAMFI AND household contains at least 1 person age 62-74 but no one age 75+,matched,
b1g_joGbEOvFDroC,T5_LE30_XELD_O,esriFieldTypeInteger,T5_LE30_XELD_O,b1g_joGbEOvFDroC,Owner occupied AND household income is less than or equal to 30% of HAMFI AND household contains at least 1 person age 75+,matched,
b1g_joGbEOvFDroC,T5_GT30_LE50_XELD_O,esriFieldTypeInteger,T5_GT30_LE50_XELD_O,b1g_joGbEOvFDroC,Owner occupied AND household income is greater than 30% but less than or equal to 50% of HAMFI AND household contains at least 1 person age 75+,matched,
b1g_joGbEOvFDroC,T5_GT50_LE80_XELD_O,esriFieldTypeInteger,T5_GT50_LE80_XELD_O,b1g_joGbEOvFDroC,Owner occupied AND household income is greater than 50% but less than or equal to 80% of HAMFI AND household contains at least 1 person age 75+,matched,
b1g_joGbEOvFDroC,T5_GT80_LE100_XELD_O,esriFieldTypeInteger,T5_GT80_LE100_XELD_O,b1g_joGbEOvFDroC,Owner occupied AND household income is greater than 80% but less than or equal to 100% of HAMFI AND household contains at least 1 person age 75+,matched,
b1g_joGbEOvFDroC,T5_GT100_XELD_O,esriFieldTypeInteger,T5_GT100_XELD_O,b1g_joGbEOvFDroC,Owner occupied AND household income is greater than 100% of HAMFI AND household contains at least 1 person age 75+,matched,
b1g_joGbEOvFDroC,SF_ELI_CB50_R,esriFieldTypeInteger,SF_ELI_CB50_R,b1g_joGbEOvFDroC,"Renter occupied AND household income is less than or equal to 30% of HAMFI AND household type is small family (2 persons, neither person 62 years or over, or 3 or 4 persons) AND housing cost burden is greater than 50%",matched,
b1g_joGbEOvFDroC,SF_LI_CB50_R,esriFieldTypeInteger,SF_LI_CB50_R,b1g_joGbEOvFDroC,"Renter occupied AND household income is greater than 30% but less than or equal to 50% of HAMFI AND household type is small family (2 persons, neither person 62 years or over, or 3 or 4 persons) AND housing cost burden is greater than 50%",matched,
b1g_joGbEOvFDroC,SF_MI_CB50_R,esriFieldTypeInteger,SF_MI_CB50_R,b1g_joGbEOvFDroC,"Renter occupied AND household income is greater than 50% but less than or equal to 80% of HAMFI AND household type is small family (2 persons, neither person 62 years or over, or 3 or 4 persons) AND housing cost burden is greater than 50%",matched,
b1g_joGbEOvFDroC,LF_ELI_CB50_R,esriFieldTypeInteger,LF_ELI_CB50_R,b1g_joGbEOvFDroC,Renter occupied AND household income is less than or equal to 30% of HAMFI AND household type is large family (5 or more persons) AND housing cost burden is greater than 50%,matched,
b1g_joGbEOvFDroC,LF_LI_CB50_R,esriFieldTypeInteger,LF_LI_CB50_R,b1g_joGbEOvFDroC,Renter occupied AND household income is greater than 30% but less than or equal to 50% of HAMFI AND household type is large family (5 or more persons) AND housing cost burden is greater than 50%,matched,
b1g_joGbEOvFDroC,LF_MI_CB50_R,esriFieldTypeInteger,LF_MI_CB50_R,b1g_joGbEOvFDroC,Renter occupied AND household income is greater than 50% but less than or equal to 80% of HAMFI AND household type is large family (5 or more persons) AND housing cost burden is greater than 50%,matched,
b1g_joGbEOvFDroC,SF_ELI_CB50_O,esriFieldTypeInteger,SF_ELI_CB50_O,b1g_joGbEOvFDroC,Owner occupied AND household income is less than or equal to 30% of HAMFI AND household type is large family (5 or more persons) AND housing cost burden is greater than 50%,matched,
b1g_joGbEOvFDroC,SF_LI_CB50_O,esriFieldTypeInteger,SF_LI_CB50_O,b1g_joGbEOvFDroC,Owner occupied AND household income is greater than 30% but less than or equal to 50% of HAMFI AND household type is large family (5 or more persons) AND housing cost burden is greater than 50%,matched,
b1g_joGbEOvFDroC,SF_MI_CB50_O,esriFieldTypeInteger,SF_MI_CB50_O,b1g_joGbEOvFDroC,Owner occupied AND household income is greater than 50% but less than or equal to 80% of HAMFI AND household type is large family (5 or more persons) AND housing cost burden is greater than 50%,matched,
b1g_joGbEOvFDroC,LF_ELI_CB50_O,esriFieldTypeInteger,LF_ELI_CB50_O,b1g_joGbEOvFDroC,Renter occupied AND household income is less than or equal to 30% of HAMFI AND other household type (non-elderly non-family) AND housing cost burden is greater than 50%,matched,
b1g_joGbEOvFDroC,LF_LI_CB50_O,esriFieldTypeInteger,LF_LI_CB50_O,b1g_joGbEOvFDroC,Renter occupied AND household income is greater than 30% but less than or equal to 50% of HAMFI AND other household type (non-elderly non-family) AND housing cost burden is greater than 50%,matched,
b1g_joGbEOvFDroC,LF_MI_CB50_O,esriFieldTypeInteger,LF_MI_CB50_O,b1g_joGbEOvFDroC,Renter occupied AND household income is greater than 50% but less than or equal to 80% of HAMFI AND other household type (non-elderly non-family) AND housing cost burden is greater than 50%,matched,
b1g_joGbEOvFDroC,Shape__Area,esriFieldTypeDouble,Shape__Area,,,unmatched,hud_acs_5yr_chas_estimate_data_by_county_2016-2020_fields
b1g_joGbEOvFDroC,Shape__Length,esriFieldTypeDouble,Shape__Length,,,unmatched,hud_acs_5yr_chas_estimate_data_by_county_2016-2020_fields
,STUSAB,,,b1g_joGbEOvFDroC,State abbreviation,unmatched,hud_acs_5yr_chas_estimate_data_by_county_2016-2020_fields2
,PLACE,,,b1g_joGbEOvFDroC,Census 5-digit Place Code,unmatched,hud_acs_5yr_chas_estimate_data_by_county_2016-2020_fields2
,SHAPE,,,b1g_joGbEOvFDroC,The characteristic appearance or visible form of a geographic object as represented on a map,unmatched,hud_acs_5yr_chas_estimate_data_by_county_2016-2020_fields2
,SHAPE.AREA,,,b1g_joGbEOvFDroC,Area of the shape in square meters,unmatched,hud_acs_5yr_chas_estimate_data_by_county_2016-2020_fields2
,SHAPE.LEN,,,b1g_joGbEOvFDroC,Length of the shape's outer line in meters,unmatched,hud_acs_5yr_chas_estimate_data_by_county_2016-2020_fields2
