friendlier_id,field_name,field_type,values,definition,definition_source,parent_field_name,position
b1g_8XwiAQ81HSby,OBJECTID,esriFieldTypeOID,,"In ArcGIS, a system-managed value that uniquely identifies a record or feature.",,,
b1g_8XwiAQ81HSby,GEOID,esriFieldTypeString,,Geographic Identifier - Census 2-digit FIPS State Code,,,
b1g_8XwiAQ81HSby,STATE,esriFieldTypeString,,Census 2-digit FIPS State Code,,,
b1g_8XwiAQ81HSby,STUSAB,esriFieldTypeString,,State Abbreviation,,,
b1g_8XwiAQ81HSby,NAME,esriFieldTypeString,,Name of State,,,
b1g_8XwiAQ81HSby,T2_EST1,esriFieldTypeDouble,,Total: Occupied housing units,,,
b1g_8XwiAQ81HSby,T8_EST69,esriFieldTypeDouble,,Renter occupied AND household income is less than or equal to 30% of HAMFI,,,
b1g_8XwiAQ81HSby,T8_EST82,esriFieldTypeInteger,,Renter occupied AND household income is greater than 30% but less than or equal to 50% of HAMFI,,,
b1g_8XwiAQ81HSby,T8_EST95,esriFieldTypeDouble,,Renter occupied AND household income is greater than 50% but less than or equal to 80% of HAMFI,,,
b1g_8XwiAQ81HSby,T8_EST108,esriFieldTypeInteger,,Renter occupied AND household income is greater than 80% but less than or equal to 100% of HAMFI,,,
b1g_8XwiAQ81HSby,T8_EST68,esriFieldTypeDouble,,Renter occupied,,,
b1g_8XwiAQ81HSby,T8_EST3,esriFieldTypeInteger,,Owner occupied AND household income is less than or equal to 30% of HAMFI,,,
b1g_8XwiAQ81HSby,T8_EST16,esriFieldTypeInteger,,Owner occupied AND household income is greater than 30% but less than or equal to 50% of HAMFI,,,
b1g_8XwiAQ81HSby,T8_EST29,esriFieldTypeDouble,,Owner occupied AND household income is greater than 50% but less than or equal to 80% of HAMFI,,,
b1g_8XwiAQ81HSby,T8_EST42,esriFieldTypeInteger,,Owner occupied AND household income is greater than 80% but less than or equal to 100% of HAMFI,,,
b1g_8XwiAQ81HSby,T8_EST2,esriFieldTypeDouble,,Owner occupied,,,
b1g_8XwiAQ81HSby,T3_EST47,esriFieldTypeInteger,,Renter occupied AND lacking complete plumbing or kitchen facilities AND household income is less than or equal to 30% of HAMFI,,,
b1g_8XwiAQ81HSby,T3_EST48,esriFieldTypeInteger,,Renter occupied AND lacking complete plumbing or kitchen facilities AND household income is greater than 30% but less than or equal to 50% of HAMFI,,,
b1g_8XwiAQ81HSby,T3_EST49,esriFieldTypeInteger,,Renter occupied AND lacking complete plumbing or kitchen facilities AND household income is greater than 50% but less than or equal to 80% of HAMFI,,,
b1g_8XwiAQ81HSby,T3_EST50,esriFieldTypeInteger,,Renter occupied AND lacking complete plumbing or kitchen facilities AND household income is greater than 80% but less than or equal to 100% of HAMFI,,,
b1g_8XwiAQ81HSby,T3_EST46,esriFieldTypeInteger,,Renter occupied AND lacking complete plumbing or kitchen facilities,,,
b1g_8XwiAQ81HSby,T3_EST4,esriFieldTypeInteger,,Owner occupied AND lacking complete plumbing or kitchen facilities AND household income is less than or equal to 30% of HAMFI,,,
b1g_8XwiAQ81HSby,T3_EST5,esriFieldTypeInteger,,Owner occupied AND lacking complete plumbing or kitchen facilities AND household income is greater than 30% but less than or equal to 50% of HAMFI,,,
b1g_8XwiAQ81HSby,T3_EST6,esriFieldTypeInteger,,Owner occupied AND lacking complete plumbing or kitchen facilities AND household income is greater than 50% but less than or equal to 80% of HAMFI,,,
b1g_8XwiAQ81HSby,T3_EST7,esriFieldTypeInteger,,Owner occupied AND lacking complete plumbing or kitchen facilities AND household income is greater than 80% but less than or equal to 100% of HAMFI,,,
b1g_8XwiAQ81HSby,T3_EST3,esriFieldTypeInteger,,Owner occupied AND lacking complete plumbing or kitchen facilities,,,
b1g_8XwiAQ81HSby,T3_EST53,esriFieldTypeInteger,,"Renter occupied AND with more than 1.5 persons per room, None of the needs above AND household income is less than or equal to 30% of HAMFI",,,
b1g_8XwiAQ81HSby,T3_EST54,esriFieldTypeInteger,,"Renter occupied AND with more than 1.5 persons per room, None of the needs above AND household income is greater than 30% but less than or equal to 50% of HAMFI",,,
b1g_8XwiAQ81HSby,T3_EST55,esriFieldTypeInteger,,"Renter occupied AND with more than 1.5 persons per room, None of the needs above AND household income is greater than 50% but less than or equal to 80% of HAMFI",,,
b1g_8XwiAQ81HSby,T3_EST56,esriFieldTypeInteger,,"Renter occupied AND with more than 1.5 persons per room, None of the needs above AND household income is greater than 80% but less than or equal to 100% of HAMFI",,,
b1g_8XwiAQ81HSby,T3_EST52,esriFieldTypeInteger,,"Renter occupied AND with more than 1.5 persons per room, None of the needs above",,,
b1g_8XwiAQ81HSby,T3_EST10,esriFieldTypeInteger,,"Owner occupied AND with more than 1.5 persons per room, None of the needs above AND household income is less than or equal to 30% of HAMFI",,,
b1g_8XwiAQ81HSby,T3_EST11,esriFieldTypeInteger,,"Owner occupied AND with more than 1.5 persons per room, None of the needs above AND household income is greater than 30% but less than or equal to 50% of HAMFI",,,
b1g_8XwiAQ81HSby,T3_EST12,esriFieldTypeInteger,,"Owner occupied AND with more than 1.5 persons per room, None of the needs above AND household income is greater than 50% but less than or equal to 80% of HAMFI",,,
b1g_8XwiAQ81HSby,T3_EST13,esriFieldTypeInteger,,"Owner occupied AND with more than 1.5 persons per room, None of the needs above AND household income is greater than 80% but less than or equal to 100% of HAMFI",,,
b1g_8XwiAQ81HSby,T3_EST9,esriFieldTypeInteger,,"Owner occupied AND with more than 1.5 persons per room, None of the needs above",,,
b1g_8XwiAQ81HSby,T3_EST59,esriFieldTypeInteger,,"Renter occupied AND with more than 1 but less than or equal to 1.5 persons per room, None of the needs above AND household income is less than or equal to 30% of HAMFI",,,
b1g_8XwiAQ81HSby,T3_EST60,esriFieldTypeInteger,,"Renter occupied AND with more than 1 but less than or equal to 1.5 persons per room, None of the needs above AND household income is greater than 30% but less than or equal to 50% of HAMFI",,,
b1g_8XwiAQ81HSby,T3_EST61,esriFieldTypeInteger,,"Renter occupied AND with more than 1 but less than or equal to 1.5 persons per room, None of the needs above AND household income is greater than 50% but less than or equal to 80% of HAMFI",,,
b1g_8XwiAQ81HSby,T3_EST62,esriFieldTypeInteger,,"Renter occupied AND with more than 1 but less than or equal to 1.5 persons per room, None of the needs above AND household income is greater than 80% but less than or equal to 100% of HAMFI",,,
b1g_8XwiAQ81HSby,T3_EST58,esriFieldTypeInteger,,"Renter occupied AND with more than 1 but less than or equal to 1.5 persons per room, None of the needs above",,,
b1g_8XwiAQ81HSby,T3_EST16,esriFieldTypeInteger,,"Owner occupied AND with more than 1 but less than or equal to 1.5 persons per room, None of the needs above AND household income is less than or equal to 30% of HAMFI",,,
b1g_8XwiAQ81HSby,T3_EST17,esriFieldTypeInteger,,"Owner occupied AND with more than 1 but less than or equal to 1.5 persons per room, None of the needs above AND household income is greater than 30% but less than or equal to 50% of HAMFI",,,
b1g_8XwiAQ81HSby,T3_EST18,esriFieldTypeInteger,,"Owner occupied AND with more than 1 but less than or equal to 1.5 persons per room, None of the needs above AND household income is greater than 50% but less than or equal to 80% of HAMFI",,,
b1g_8XwiAQ81HSby,T3_EST19,esriFieldTypeInteger,,"Owner occupied AND with more than 1 but less than or equal to 1.5 persons per room, None of the needs above AND household income is greater than 80% but less than or equal to 100% of HAMFI",,,
b1g_8XwiAQ81HSby,T3_EST15,esriFieldTypeInteger,,"Owner occupied AND with more than 1 but less than or equal to 1.5 persons per room, None of the needs above",,,
b1g_8XwiAQ81HSby,T3_EST65,esriFieldTypeInteger,,"Renter occupied AND with housing cost burden greater than 50%, None of the needs above AND household income is less than or equal to 30% of HAMFI",,,
b1g_8XwiAQ81HSby,T3_EST66,esriFieldTypeInteger,,"Renter occupied AND with housing cost burden greater than 50%, None of the needs above AND household income is greater than 30% but less than or equal to 50% of HAMFI",,,
b1g_8XwiAQ81HSby,T3_EST67,esriFieldTypeInteger,,"Renter occupied AND with housing cost burden greater than 50%, None of the needs above AND household income is greater than 50% but less than or equal to 80% of HAMFI",,,
b1g_8XwiAQ81HSby,T3_EST68,esriFieldTypeInteger,,"Renter occupied AND with housing cost burden greater than 50%, None of the needs above AND household income is greater than 80% but less than or equal to 100% of HAMFI",,,
b1g_8XwiAQ81HSby,T3_EST64,esriFieldTypeDouble,,"Renter occupied AND with housing cost burden greater than 50%, None of the needs above",,,
b1g_8XwiAQ81HSby,T3_EST22,esriFieldTypeInteger,,"Owner occupied AND with housing cost burden greater than 50%, None of the needs above AND household income is less than or equal to 30% of HAMFI",,,
b1g_8XwiAQ81HSby,T3_EST23,esriFieldTypeInteger,,"Owner occupied AND with housing cost burden greater than 50%, None of the needs above AND household income is greater than 30% but less than or equal to 50% of HAMFI",,,
b1g_8XwiAQ81HSby,T3_EST24,esriFieldTypeInteger,,"Owner occupied AND with housing cost burden greater than 50%, None of the needs above AND household income is greater than 50% but less than or equal to 80% of HAMFI",,,
b1g_8XwiAQ81HSby,T3_EST25,esriFieldTypeInteger,,"Owner occupied AND with housing cost burden greater than 50%, None of the needs above AND household income is greater than 80% but less than or equal to 100% of HAMFI",,,
b1g_8XwiAQ81HSby,T3_EST21,esriFieldTypeDouble,,"Owner occupied AND with housing cost burden greater than 50%, None of the needs above",,,
b1g_8XwiAQ81HSby,T3_EST71,esriFieldTypeInteger,,"Renter occupied AND with housing cost burden greater than 30% but less than or equal to 50%, None of the needs above AND household income is less than or equal to 30% of HAMFI",,,
b1g_8XwiAQ81HSby,T3_EST72,esriFieldTypeInteger,,"Renter occupied AND with housing cost burden greater than 30% but less than or equal to 50%, None of the needs above AND household income is greater than 30% but less than or equal to 50% of HAMFI",,,
b1g_8XwiAQ81HSby,T3_EST73,esriFieldTypeInteger,,"Renter occupied AND with housing cost burden greater than 30% but less than or equal to 50%, None of the needs above AND household income is greater than 50% but less than or equal to 80% of HAMFI",,,
b1g_8XwiAQ81HSby,T3_EST74,esriFieldTypeInteger,,"Renter occupied AND with housing cost burden greater than 30% but less than or equal to 50%, None of the needs above AND household income is greater than 80% but less than or equal to 100% of HAMFI",,,
b1g_8XwiAQ81HSby,T3_EST70,esriFieldTypeDouble,,"Renter occupied AND with housing cost burden greater than 30% but less than or equal to 50%, None of the needs above",,,
b1g_8XwiAQ81HSby,T3_EST28,esriFieldTypeInteger,,"Owner occupied AND with housing cost burden greater than 30% but less than or equal to 50%, None of the needs above AND household income is less than or equal to 30% of HAMFI",,,
b1g_8XwiAQ81HSby,T3_EST29,esriFieldTypeInteger,,"Owner occupied AND with housing cost burden greater than 30% but less than or equal to 50%, None of the needs above AND household income is greater than 30% but less than or equal to 50% of HAMFI",,,
b1g_8XwiAQ81HSby,T3_EST30,esriFieldTypeInteger,,"Owner occupied AND with housing cost burden greater than 30% but less than or equal to 50%, None of the needs above AND household income is greater than 50% but less than or equal to 80% of HAMFI",,,
b1g_8XwiAQ81HSby,T3_EST31,esriFieldTypeInteger,,"Owner occupied AND with housing cost burden greater than 30% but less than or equal to 50%, None of the needs above AND household income is greater than 80% but less than or equal to 100% of HAMFI",,,
b1g_8XwiAQ81HSby,T3_EST27,esriFieldTypeDouble,,"Owner occupied AND with housing cost burden greater than 30% but less than or equal to 50%, None of the needs above",,,
b1g_8XwiAQ81HSby,T3_EST77,esriFieldTypeInteger,,"Renter occupied AND housing cost burden not computed, None of the needs above AND household income is less than or equal to 30% of HAMFI",,,
b1g_8XwiAQ81HSby,T3_EST78,esriFieldTypeInteger,,"Renter occupied AND housing cost burden not computed, None of the needs above AND household income is greater than 30% but less than or equal to 50% of HAMFI",,,
b1g_8XwiAQ81HSby,T3_EST79,esriFieldTypeInteger,,"Renter occupied AND housing cost burden not computed, None of the needs above AND household income is greater than 50% but less than or equal to 80% of HAMFI",,,
b1g_8XwiAQ81HSby,T3_EST80,esriFieldTypeInteger,,"Renter occupied AND housing cost burden not computed, None of the needs above AND household income is greater than 80% but less than or equal to 100% of HAMFI",,,
b1g_8XwiAQ81HSby,T3_EST76,esriFieldTypeInteger,,"Renter occupied AND housing cost burden not computed, None of the needs above",,,
b1g_8XwiAQ81HSby,T3_EST34,esriFieldTypeInteger,,"Owner occupied AND housing cost burden not computed, None of the needs above AND household income is less than or equal to 30% of HAMFI",,,
b1g_8XwiAQ81HSby,T3_EST35,esriFieldTypeInteger,,"Owner occupied AND housing cost burden not computed, None of the needs above AND household income is greater than 30% but less than or equal to 50% of HAMFI",,,
b1g_8XwiAQ81HSby,T3_EST36,esriFieldTypeInteger,,"Owner occupied AND housing cost burden not computed, None of the needs above AND household income is greater than 50% but less than or equal to 80% of HAMFI",,,
b1g_8XwiAQ81HSby,T3_EST37,esriFieldTypeInteger,,"Owner occupied AND housing cost burden not computed, None of the needs above AND household income is greater than 80% but less than or equal to 100% of HAMFI",,,
b1g_8XwiAQ81HSby,T3_EST33,esriFieldTypeInteger,,"Owner occupied AND housing cost burden not computed, None of the needs above",,,
b1g_8XwiAQ81HSby,T2_EST128,esriFieldTypeInteger,,Renter occupied AND has 1 or more of the 4 severe housing unit problems AND household income is less than or equal to 30% of HAMFI,,,
b1g_8XwiAQ81HSby,T2_EST136,esriFieldTypeInteger,,Renter occupied AND has 1 or more of the 4 severe housing unit problems AND household income is greater than 30% but less than or equal to 50% of HAMFI,,,
b1g_8XwiAQ81HSby,T2_EST144,esriFieldTypeInteger,,Renter occupied AND has 1 or more of the 4 severe housing unit problems AND household income is greater than 50% but less than or equal to 80% of HAMFI,,,
b1g_8XwiAQ81HSby,T2_EST152,esriFieldTypeInteger,,Renter occupied AND has 1 or more of the 4 severe housing unit problems AND household income is greater than 80% but less than or equal to 100% of HAMFI,,,
b1g_8XwiAQ81HSby,T2_EST127,esriFieldTypeDouble,,Renter occupied AND has 1 or more of the 4 severe housing unit problems,,,
b1g_8XwiAQ81HSby,T2_EST4,esriFieldTypeInteger,,Owner occupied AND has 1 or more of the 4 severe housing unit problems AND household income is less than or equal to 30% of HAMFI,,,
b1g_8XwiAQ81HSby,T2_EST12,esriFieldTypeInteger,,Owner occupied AND has 1 or more of the 4 severe housing unit problems AND household income is greater than 30% but less than or equal to 50% of HAMFI,,,
b1g_8XwiAQ81HSby,T2_EST20,esriFieldTypeInteger,,Owner occupied AND has 1 or more of the 4 severe housing unit problems AND household income is greater than 50% but less than or equal to 80% of HAMFI,,,
b1g_8XwiAQ81HSby,T2_EST28,esriFieldTypeInteger,,Owner occupied AND has 1 or more of the 4 severe housing unit problems AND household income is greater than 80% but less than or equal to 100% of HAMFI,,,
b1g_8XwiAQ81HSby,T2_EST3,esriFieldTypeDouble,,Owner occupied AND has 1 or more of the 4 severe housing unit problems,,,
b1g_8XwiAQ81HSby,T2_EST169,esriFieldTypeInteger,,Renter occupied AND has None of the 4 severe housing unit problems AND household income is less than or equal to 30% of HAMFI,,,
b1g_8XwiAQ81HSby,T2_EST177,esriFieldTypeInteger,,Renter occupied AND has None of the 4 severe housing unit problems AND household income is greater than 30% but less than or equal to 50% of HAMFI,,,
b1g_8XwiAQ81HSby,T2_EST185,esriFieldTypeInteger,,Renter occupied AND has None of the 4 severe housing unit problems AND household income is greater than 50% but less than or equal to 80% of HAMFI,,,
b1g_8XwiAQ81HSby,T2_EST193,esriFieldTypeInteger,,Renter occupied AND has None of the 4 severe housing unit problems AND household income is greater than 80% but less than or equal to 100% of HAMFI,,,
b1g_8XwiAQ81HSby,T2_EST168,esriFieldTypeDouble,,Renter occupied AND has None of the 4 severe housing unit problems,,,
b1g_8XwiAQ81HSby,T2_EST45,esriFieldTypeInteger,,Owner occupied AND has None of the 4 severe housing unit problems AND household income is less than or equal to 30% of HAMFI,,,
b1g_8XwiAQ81HSby,T2_EST53,esriFieldTypeInteger,,Owner occupied AND has None of the 4 severe housing unit problems AND household income is greater than 30% but less than or equal to 50% of HAMFI,,,
b1g_8XwiAQ81HSby,T2_EST61,esriFieldTypeInteger,,Owner occupied AND has None of the 4 severe housing unit problems AND household income is greater than 50% but less than or equal to 80% of HAMFI,,,
b1g_8XwiAQ81HSby,T2_EST69,esriFieldTypeInteger,,Owner occupied AND has None of the 4 severe housing unit problems AND household income is greater than 80% but less than or equal to 100% of HAMFI,,,
b1g_8XwiAQ81HSby,T2_EST44,esriFieldTypeDouble,,Owner occupied AND has None of the 4 severe housing unit problems,,,
b1g_8XwiAQ81HSby,T2_EST210,esriFieldTypeInteger,,"Renter occupied AND cost burden not computed, household has None of the other severe housing problems AND household income is less than or equal to 30% of HAMFI",,,
b1g_8XwiAQ81HSby,T2_EST218,esriFieldTypeInteger,,"Renter occupied AND cost burden not computed, household has None of the other severe housing problems AND household income is greater than 30% but less than or equal to 50% of HAMFI",,,
b1g_8XwiAQ81HSby,T2_EST226,esriFieldTypeInteger,,"Renter occupied AND cost burden not computed, household has None of the other severe housing problems AND household income is greater than 50% but less than or equal to 80% of HAMFI",,,
b1g_8XwiAQ81HSby,T2_EST234,esriFieldTypeInteger,,"Renter occupied AND cost burden not computed, household has None of the other severe housing problems AND household income is greater than 80% but less than or equal to 100% of HAMFI",,,
b1g_8XwiAQ81HSby,T2_EST209,esriFieldTypeInteger,,"Renter occupied AND cost burden not computed, household has None of the other severe housing problems",,,
b1g_8XwiAQ81HSby,T2_EST86,esriFieldTypeInteger,,"Owner occupied AND cost burden not computed, household has None of the other severe housing problems AND household income is less than or equal to 30% of HAMFI",,,
b1g_8XwiAQ81HSby,T2_EST94,esriFieldTypeInteger,,"Owner occupied AND cost burden not computed, household has None of the other severe housing problems AND household income is greater than 30% but less than or equal to 50% of HAMFI",,,
b1g_8XwiAQ81HSby,T2_EST102,esriFieldTypeInteger,,"Owner occupied AND cost burden not computed, household has None of the other severe housing problems AND household income is greater than 50% but less than or equal to 80% of HAMFI",,,
b1g_8XwiAQ81HSby,T2_EST110,esriFieldTypeInteger,,"Owner occupied AND cost burden not computed, household has None of the other severe housing problems AND household income is greater than 80% but less than or equal to 100% of HAMFI",,,
b1g_8XwiAQ81HSby,T2_EST85,esriFieldTypeInteger,,"Owner occupied AND cost burden not computed, household has None of the other severe housing problems",,,
b1g_8XwiAQ81HSby,T7_LE30_SF_CB_R,esriFieldTypeInteger,,"Renter occupied AND household income is less than or equal to 30% of HAMFI AND household type is small family (2 persons, neither person 62 years or over, or 3 or 4 persons) AND housing cost burden is greater than 30%",,,
b1g_8XwiAQ81HSby,T7_GT30_LE50_SF_CB_R,esriFieldTypeInteger,,"Renter occupied AND household income is greater than 30% but less than or equal to 50% of HAMFI AND household type is small family (2 persons, neither person 62 years or over, or 3 or 4 persons) AND housing cost burden is greater than 30%",,,
b1g_8XwiAQ81HSby,T7_GT50_LE80_SF_CB_R,esriFieldTypeInteger,,"Renter occupied AND household income is greater than 50% but less than or equal to 80% of HAMFI AND household type is small family (2 persons, neither person 62 years or over, or 3 or 4 persons) AND housing cost burden is greater than 30%",,,
b1g_8XwiAQ81HSby,T7_SF_CB_R,esriFieldTypeDouble,,"Renter occupied AND household type is small family (2 persons, neither person 62 years or over, or 3 or 4 persons) AND housing cost burden is greater than 30%",,,
b1g_8XwiAQ81HSby,T7_LE30_SF_CB_O,esriFieldTypeInteger,,"Owner occupied AND household income is less than or equal to 30% of HAMFI AND household type is small family (2 persons, neither person 62 years or over, or 3 or 4 persons) AND housing cost burden is greater than 30%",,,
b1g_8XwiAQ81HSby,T7_GT30_LE50_SF_CB_O,esriFieldTypeInteger,,"Owner occupied AND household income is greater than 30% but less than or equal to 50% of HAMFI AND household type is small family (2 persons, neither person 62 years or over, or 3 or 4 persons) AND housing cost burden is greater than 30%",,,
b1g_8XwiAQ81HSby,T7_GT50_LE80_SF_CB_O,esriFieldTypeInteger,,"Owner occupied AND household income is greater than 50% but less than or equal to 80% of HAMFI AND household type is small family (2 persons, neither person 62 years or over, or 3 or 4 persons) AND housing cost burden is greater than 30%",,,
b1g_8XwiAQ81HSby,T7_SF_CB_O,esriFieldTypeDouble,,"Owner occupied AND household type is small family (2 persons, neither person 62 years or over, or 3 or 4 persons) AND housing cost burden is greater than 30%",,,
b1g_8XwiAQ81HSby,T7_LE30_LF_CB_R,esriFieldTypeInteger,,Renter occupied AND household income is less than or equal to 30% of HAMFI AND household type is large family (5 or more persons) AND housing cost burden is greater than 30%,,,
b1g_8XwiAQ81HSby,T7_GT30_LE50_LF_CB_R,esriFieldTypeInteger,,Renter occupied AND household income is greater than 30% but less than or equal to 50% of HAMFI AND household type is large family (5 or more persons) AND housing cost burden is greater than 30%,,,
b1g_8XwiAQ81HSby,T7_GT50_LE80_LF_CB_R,esriFieldTypeInteger,,Renter occupied AND household income is greater than 50% but less than or equal to 80% of HAMFI AND household type is large family (5 or more persons) AND housing cost burden is greater than 30%,,,
b1g_8XwiAQ81HSby,T7_LF_CB_R,esriFieldTypeInteger,,Renter occupied AND household type is large family (5 or more persons) AND housing cost burden is greater than 30%,,,
b1g_8XwiAQ81HSby,T7_LE30_LF_CB_O,esriFieldTypeInteger,,Owner occupied AND household type is large family (5 or more persons) AND housing cost burden is greater than 30%,,,
b1g_8XwiAQ81HSby,T7_GT30_LE50_LF_CB_O,esriFieldTypeInteger,,Owner occupied AND household income is greater than 30% but less than or equal to 50% of HAMFI AND household type is large family (5 or more persons) AND housing cost burden is greater than 30%,,,
b1g_8XwiAQ81HSby,T7_GT50_LE80_LF_CB_O,esriFieldTypeInteger,,Owner occupied AND household income is greater than 50% but less than or equal to 80% of HAMFI AND household type is large family (5 or more persons) AND housing cost burden is greater than 30%,,,
b1g_8XwiAQ81HSby,T7_LF_CB_O,esriFieldTypeInteger,,Owner occupied AND household type is large family (5 or more persons) AND housing cost burden is greater than 30%,,,
b1g_8XwiAQ81HSby,T7_LE30_ELD_CB_R,esriFieldTypeInteger,,"Renter occupied AND household income is less than or equal to 30% of HAMFI AND household type is elderly (elderly non-family household or family household with 2 people, at least one of which is elderly) AND housing cost burden is greater than 30%",,,
b1g_8XwiAQ81HSby,T7_GT30_LE50_ELD_CB_R,esriFieldTypeInteger,,"Renter occupied AND household income is greater than 30% but less than or equal to 50% of HAMFI AND household type is elderly (elderly non-family household or family household with 2 people, at least one of which is elderly) AND housing cost burden is greater than 30%",,,
b1g_8XwiAQ81HSby,T7_GT50_LE80_ELD_CB_R,esriFieldTypeInteger,,"Renter occupied AND household income is greater than 50% but less than or equal to 80% of HAMFI AND household type is elderly (elderly non-family household or family household with 2 people, at least one of which is elderly) AND housing cost burden is greater than 30%",,,
b1g_8XwiAQ81HSby,T7_ELD_CB_R,esriFieldTypeInteger,,"Renter occupied AND household type is elderly (elderly non-family household or family household with 2 people, at least one of which is elderly) AND housing cost burden is greater than 30%",,,
b1g_8XwiAQ81HSby,T7_LE30_ELD_CB_O,esriFieldTypeInteger,,"Owner occupied AND household income is less than or equal to 30% of HAMFI AND household type is elderly (elderly non-family household or family household with 2 people, at least one of which is elderly) AND housing cost burden is greater than 30%",,,
b1g_8XwiAQ81HSby,T7_GT30_LE50_ELD_CB_O,esriFieldTypeInteger,,"Owner occupied AND household income is greater than 30% but less than or equal to 50% of HAMFI AND household type is elderly (elderly non-family household or family household with 2 people, at least one of which is elderly) AND housing cost burden is greater than 30%",,,
b1g_8XwiAQ81HSby,T7_GT50_LE80_ELD_CB_O,esriFieldTypeInteger,,"Owner occupied AND household income is greater than 50% but less than or equal to 80% of HAMFI AND household type is elderly (elderly non-family household or family household with 2 people, at least one of which is elderly) AND housing cost burden is greater than 30%",,,
b1g_8XwiAQ81HSby,T7_ELD_CB_O,esriFieldTypeInteger,,"Owner occupied AND household type is elderly (elderly non-family household or family household with 2 people, at least one of which is elderly) AND housing cost burden is greater than 30%",,,
b1g_8XwiAQ81HSby,T7_LE30_OTHER_CB_R,esriFieldTypeInteger,,Renter occupied AND household income is less than or equal to 30% of HAMFI AND other household type (non-elderly non-family) AND housing cost burden is greater than 30%,,,
b1g_8XwiAQ81HSby,T7_GT30_LE50_OTHER_CB_R,esriFieldTypeInteger,,Renter occupied AND household income is greater than 30% but less than or equal to 50% of HAMFI AND other household type (non-elderly non-family) AND housing cost burden is greater than 30%,,,
b1g_8XwiAQ81HSby,T7_GT50_LE80_OTHER_CB_R,esriFieldTypeInteger,,Renter occupied AND household income is greater than 50% but less than or equal to 80% of HAMFI AND other household type (non-elderly non-family) AND housing cost burden is greater than 30%,,,
b1g_8XwiAQ81HSby,T7_OTHER_CB_R,esriFieldTypeInteger,,Renter occupied AND other household type (non-elderly non-family) AND housing cost burden is greater than 30%,,,
b1g_8XwiAQ81HSby,T7_LE30_OTHER_CB_O,esriFieldTypeInteger,,Owner occupied AND household income is less than or equal to 30% of HAMFI AND other household type (non-elderly non-family) AND housing cost burden is greater than 30%,,,
b1g_8XwiAQ81HSby,T7_GT30_LE50_OTHER_CB_O,esriFieldTypeInteger,,Owner occupied AND household income is greater than 30% but less than or equal to 50% of HAMFI AND other household type (non-elderly non-family) AND housing cost burden is greater than 30%,,,
b1g_8XwiAQ81HSby,T7_GT50_LE80_OTHER_CB_O,esriFieldTypeInteger,,Owner occupied AND household income is greater than 50% but less than or equal to 80% of HAMFI AND other household type (non-elderly non-family) AND housing cost burden is greater than 30%,,,
b1g_8XwiAQ81HSby,T7_OTHER_CB_O,esriFieldTypeInteger,,Owner occupied AND other household type (non-elderly non-family) AND housing cost burden is greater than 30%,,,
b1g_8XwiAQ81HSby,T7_EST117,esriFieldTypeInteger,,"Renter occupied AND household income is less than or equal to 30% of HAMFI AND household type is small family (2 persons, neither person 62 years or over, or 3 or 4 persons) AND housing cost burden is greater than 50%",,,
b1g_8XwiAQ81HSby,T7_EST143,esriFieldTypeInteger,,"Renter occupied AND household income is greater than 30% but less than or equal to 50% of HAMFI AND household type is small family (2 persons, neither person 62 years or over, or 3 or 4 persons) AND housing cost burden is greater than 50%",,,
b1g_8XwiAQ81HSby,T7_EST169,esriFieldTypeInteger,,"Renter occupied AND household income is greater than 50% but less than or equal to 80% of HAMFI AND household type is small family (2 persons, neither person 62 years or over, or 3 or 4 persons) AND housing cost burden is greater than 50%",,,
b1g_8XwiAQ81HSby,T7_SF_CB50_R,esriFieldTypeInteger,,"Renter occupied AND household type is small family (2 persons, neither person 62 years or over, or 3 or 4 persons) AND housing cost burden is greater than 50%",,,
b1g_8XwiAQ81HSby,T7_EST12,esriFieldTypeInteger,,"Owner occupied AND household income is less than or equal to 30% of HAMFI AND household type is small family (2 persons, neither person 62 years or over, or 3 or 4 persons) AND housing cost burden is greater than 50%",,,
b1g_8XwiAQ81HSby,T7_EST38,esriFieldTypeInteger,,"Owner occupied AND household income is greater than 30% but less than or equal to 50% of HAMFI AND household type is small family (2 persons, neither person 62 years or over, or 3 or 4 persons) AND housing cost burden is greater than 50%",,,
b1g_8XwiAQ81HSby,T7_EST64,esriFieldTypeInteger,,"Owner occupied AND household income is greater than 50% but less than or equal to 80% of HAMFI AND household type is small family (2 persons, neither person 62 years or over, or 3 or 4 persons) AND housing cost burden is greater than 50%",,,
b1g_8XwiAQ81HSby,T7_SF_CB50_O,esriFieldTypeInteger,,"Owner occupied AND household type is small family (2 persons, neither person 62 years or over, or 3 or 4 persons) AND housing cost burden is greater than 50%",,,
b1g_8XwiAQ81HSby,T7_EST122,esriFieldTypeInteger,,Renter occupied AND household income is less than or equal to 30% of HAMFI AND household type is large family (5 or more persons) AND housing cost burden is greater than 50%,,,
b1g_8XwiAQ81HSby,T7_EST148,esriFieldTypeInteger,,Renter occupied AND household income is greater than 30% but less than or equal to 50% of HAMFI AND household type is large family (5 or more persons) AND housing cost burden is greater than 50%,,,
b1g_8XwiAQ81HSby,T7_EST174,esriFieldTypeInteger,,Renter occupied AND household income is greater than 50% but less than or equal to 80% of HAMFI AND household type is large family (5 or more persons) AND housing cost burden is greater than 50%,,,
b1g_8XwiAQ81HSby,T7_LF_CB50_R,esriFieldTypeInteger,,Renter occupied AND household type is large family (5 or more persons) AND housing cost burden is greater than 50%,,,
b1g_8XwiAQ81HSby,T7_EST17,esriFieldTypeInteger,,Owner occupied AND household income is less than or equal to 30% of HAMFI AND household type is large family (5 or more persons) AND housing cost burden is greater than 50%,,,
b1g_8XwiAQ81HSby,T7_EST43,esriFieldTypeInteger,,Owner occupied AND household income is greater than 30% but less than or equal to 50% of HAMFI AND household type is large family (5 or more persons) AND housing cost burden is greater than 50%,,,
b1g_8XwiAQ81HSby,T7_EST69,esriFieldTypeInteger,,Owner occupied AND household income is greater than 50% but less than or equal to 80% of HAMFI AND household type is large family (5 or more persons) AND housing cost burden is greater than 50%,,,
b1g_8XwiAQ81HSby,T7_LF_CB50_O,esriFieldTypeInteger,,Owner occupied AND household type is large family (5 or more persons) AND housing cost burden is greater than 50%,,,
b1g_8XwiAQ81HSby,T7_LE30_ELD_CB50_R,esriFieldTypeInteger,,"Renter occupied AND household income is less than or equal to 30% of HAMFI AND household type is elderly (elderly non-family household or family household with 2 people, at least one of which is elderly) AND housing cost burden is greater than 50%",,,
b1g_8XwiAQ81HSby,T7_GT30_LE50_ELD_CB50_R,esriFieldTypeInteger,,"Renter occupied AND household income is greater than 30% but less than or equal to 50% of HAMFI AND household type is elderly (elderly non-family household or family household with 2 people, at least one of which is elderly) AND housing cost burden is greater than 50%",,,
b1g_8XwiAQ81HSby,T7_GT50_LE80_ELD_CB50_R,esriFieldTypeInteger,,"Renter occupied AND household income is greater than 50% but less than or equal to 80% of HAMFI AND household type is elderly (elderly non-family household or family household with 2 people, at least one of which is elderly) AND housing cost burden is greater than 50%",,,
b1g_8XwiAQ81HSby,T7_ELD_CB50_R,esriFieldTypeInteger,,"Renter occupied AND household type is elderly (elderly non-family household or family household with 2 people, at least one of which is elderly) AND housing cost burden is greater than 50%",,,
b1g_8XwiAQ81HSby,T7_LE30_ELD_CB50_O,esriFieldTypeInteger,,"Owner occupied AND household income is less than or equal to 30% of HAMFI AND household type is elderly (elderly non-family household or family household with 2 people, at least one of which is elderly) AND housing cost burden is greater than 50%",,,
b1g_8XwiAQ81HSby,T7_GT30_LE50_ELD_CB50_O,esriFieldTypeInteger,,"Owner occupied AND household income is greater than 30% but less than or equal to 50% of HAMFI AND household type is elderly (elderly non-family household or family household with 2 people, at least one of which is elderly) AND housing cost burden is greater than 50%",,,
b1g_8XwiAQ81HSby,T7_GT50_LE80_ELD_CB50_O,esriFieldTypeInteger,,"Owner occupied AND household income is greater than 50% but less than or equal to 80% of HAMFI AND household type is elderly (elderly non-family household or family household with 2 people, at least one of which is elderly) AND housing cost burden is greater than 50%",,,
b1g_8XwiAQ81HSby,T7_ELD_CB50_O,esriFieldTypeInteger,,"Owner occupied AND household type is elderly (elderly non-family household or family household with 2 people, at least one of which is elderly) AND housing cost burden is greater than 50%",,,
b1g_8XwiAQ81HSby,T7_EST132,esriFieldTypeInteger,,Renter occupied AND household income is less than or equal to 30% of HAMFI AND other household type (non-elderly non-family) AND housing cost burden is greater than 50%,,,
b1g_8XwiAQ81HSby,T7_EST158,esriFieldTypeInteger,,Renter occupied AND household income is greater than 30% but less than or equal to 50% of HAMFI AND other household type (non-elderly non-family) AND housing cost burden is greater than 50%,,,
b1g_8XwiAQ81HSby,T7_EST184,esriFieldTypeInteger,,Renter occupied AND household income is greater than 50% but less than or equal to 80% of HAMFI AND other household type (non-elderly non-family) AND housing cost burden is greater than 50%,,,
b1g_8XwiAQ81HSby,T7_OTHER_CB50_R,esriFieldTypeInteger,,Renter occupied AND other household type (non-elderly non-family) AND housing cost burden is greater than 50%,,,
b1g_8XwiAQ81HSby,T7_EST27,esriFieldTypeInteger,,Owner occupied AND household income is less than or equal to 30% of HAMFI AND other household type (non-elderly non-family) AND housing cost burden is greater than 50%,,,
b1g_8XwiAQ81HSby,T7_EST53,esriFieldTypeInteger,,Owner occupied AND household income is greater than 30% but less than or equal to 50% of HAMFI AND other household type (non-elderly non-family) AND housing cost burden is greater than 50%,,,
b1g_8XwiAQ81HSby,T7_EST79,esriFieldTypeInteger,,Owner occupied AND household income is greater than 50% but less than or equal to 80% of HAMFI AND other household type (non-elderly non-family) AND housing cost burden is greater than 50%,,,
b1g_8XwiAQ81HSby,T7_OTHER_CB50_O,esriFieldTypeInteger,,Owner occupied AND other household type (non-elderly non-family) AND housing cost burden is greater than 50%,,,
b1g_8XwiAQ81HSby,T10_OC_LE30_HHT1_R,esriFieldTypeInteger,,Renter occupied AND persons per room is greater than 1 AND household income is less than or equal to 30% of HAMFI AND household type is one family with no subfamilies,,,
b1g_8XwiAQ81HSby,T10_OC_GT30_LE50_HHT1_R,esriFieldTypeInteger,,Renter occupied AND persons per room is greater than 1 AND household income is greater than 30% but less than or equal to 50% of HAMFI AND household type is one family with no subfamilies,,,
b1g_8XwiAQ81HSby,T10_OC_GT50_LE80_HHT1_R,esriFieldTypeInteger,,Renter occupied AND persons per room is greater than 1 AND household income is greater than 50% but less than or equal to 80% of HAMFI AND household type is one family with no subfamilies,,,
b1g_8XwiAQ81HSby,T10_OC_GT80_LE100_HHT1_R,esriFieldTypeInteger,,Renter occupied AND persons per room is greater than 1 AND household income is greater than 80% but less than or equal to 100% of HAMFI AND household type is one family with no subfamilies,,,
b1g_8XwiAQ81HSby,T10_OC_HHT1_R,esriFieldTypeInteger,,Renter occupied AND persons per room is greater than 1 AND household type is one family with no subfamilies,,,
b1g_8XwiAQ81HSby,T10_OC_LE30_HHT1_O,esriFieldTypeInteger,,Owner occupied AND persons per room is greater than 1 AND household income is less than or equal to 30% of HAMFI AND household type is one family with no subfamilies,,,
b1g_8XwiAQ81HSby,T10_OC_GT30_LE50_HHT1_O,esriFieldTypeInteger,,Owner occupied AND persons per room is greater than 1 AND household income is greater than 30% but less than or equal to 50% of HAMFI AND household type is one family with no subfamilies,,,
b1g_8XwiAQ81HSby,T10_OC_GT50_LE80_HHT1_O,esriFieldTypeInteger,,Owner occupied AND persons per room is greater than 1 AND household income is greater than 50% but less than or equal to 80% of HAMFI AND household type is one family with no subfamilies,,,
b1g_8XwiAQ81HSby,T10_OC_GT80_LE100_HHT1_O,esriFieldTypeInteger,,Owner occupied AND persons per room is greater than 1 AND household income is greater than 80% but less than or equal to 100% of HAMFI AND household type is one family with no subfamilies,,,
b1g_8XwiAQ81HSby,T10_OC_HHT1_O,esriFieldTypeInteger,,Owner occupied AND persons per room is greater than 1 AND household type is one family with no subfamilies,,,
b1g_8XwiAQ81HSby,T10_OC_LE30_HHT2_R,esriFieldTypeInteger,,Renter occupied AND persons per room is greater than 1 AND household income is less than or equal to 30% of HAMFI AND household type is one family with at least one subfamily or more than one family,,,
b1g_8XwiAQ81HSby,T10_OC_GT30_LE50_HHT2_R,esriFieldTypeInteger,,Renter occupied AND persons per room is greater than 1 AND household income is greater than 30% but less than or equal to 50% of HAMFI AND household type is one family with at least one subfamily or more than one family,,,
b1g_8XwiAQ81HSby,T10_OC_GT50_LE80_HHT2_R,esriFieldTypeInteger,,Renter occupied AND persons per room is greater than 1 AND household income is greater than 50% but less than or equal to 80% of HAMFI AND household type is one family with at least one subfamily or more than one family,,,
b1g_8XwiAQ81HSby,T10_OC_GT80_LE100_HHT2_R,esriFieldTypeInteger,,Renter occupied AND persons per room is greater than 1 AND household income is greater than 80% but less than or equal to 100% of HAMFI AND household type is one family with at least one subfamily or more than one family,,,
b1g_8XwiAQ81HSby,T10_OC_HHT2_R,esriFieldTypeInteger,,Renter occupied AND persons per room is greater than 1 AND household type is one family with at least one subfamily or more than one family,,,
b1g_8XwiAQ81HSby,T10_OC_LE30_HHT2_O,esriFieldTypeInteger,,Owner occupied AND persons per room is greater than 1 AND household income is less than or equal to 30% of HAMFI AND household type is one family with at least one subfamily or more than one family,,,
b1g_8XwiAQ81HSby,T10_OC_GT30_LE50_HHT2_O,esriFieldTypeInteger,,Owner occupied AND persons per room is greater than 1 AND household income is greater than 30% but less than or equal to 50% of HAMFI AND household type is one family with at least one subfamily or more than one family,,,
b1g_8XwiAQ81HSby,T10_OC_GT50_LE80_HHT2_O,esriFieldTypeInteger,,Owner occupied AND persons per room is greater than 1 AND household income is greater than 50% but less than or equal to 80% of HAMFI AND household type is one family with at least one subfamily or more than one family,,,
b1g_8XwiAQ81HSby,T10_OC_GT80_LE100_HHT2_O,esriFieldTypeInteger,,Owner occupied AND persons per room is greater than 1 AND household income is greater than 80% but less than or equal to 100% of HAMFI AND household type is one family with at least one subfamily or more than one family,,,
b1g_8XwiAQ81HSby,T10_OC_HHT2_O,esriFieldTypeInteger,,Owner occupied AND persons per room is greater than 1 AND household type is one family with at least one subfamily or more than one family,,,
b1g_8XwiAQ81HSby,T10_OC_LE30_HHT3_R,esriFieldTypeInteger,,Renter occupied AND persons per room is greater than 1 AND household income is less than or equal to 30% of HAMFI AND household type is non-family,,,
b1g_8XwiAQ81HSby,T10_OC_GT30_LE50_HHT3_R,esriFieldTypeInteger,,Renter occupied AND persons per room is greater than 1 AND household income is greater than 30% but less than or equal to 50% of HAMFI AND household type is non-family,,,
b1g_8XwiAQ81HSby,T10_OC_GT50_LE80_HHT3_R,esriFieldTypeInteger,,Renter occupied AND persons per room is greater than 1 AND household income is greater than 50% but less than or equal to 80% of HAMFI AND household type is non-family,,,
b1g_8XwiAQ81HSby,T10_OC_GT80_LE100_HHT3_R,esriFieldTypeInteger,,Renter occupied AND persons per room is greater than 1 AND household income is greater than 80% but less than or equal to 100% of HAMFI AND household type is non-family,,,
b1g_8XwiAQ81HSby,T10_OC_HHT3_R,esriFieldTypeInteger,,Renter occupied AND persons per room is greater than 1 AND household type is non-family,,,
b1g_8XwiAQ81HSby,T10_OC_LE30_HHT3_O,esriFieldTypeInteger,,Owner occupied AND persons per room is greater than 1 AND household income is less than or equal to 30% of HAMFI AND household type is non-family,,,
b1g_8XwiAQ81HSby,T10_OC_GT30_LE50_HHT3_O,esriFieldTypeInteger,,Owner occupied AND persons per room is greater than 1 AND household income is greater than 30% but less than or equal to 50% of HAMFI AND household type is non-family,,,
b1g_8XwiAQ81HSby,T10_OC_GT50_LE80_HHT3_O,esriFieldTypeInteger,,Owner occupied AND persons per room is greater than 1 AND household income is greater than 50% but less than or equal to 80% of HAMFI AND household type is non-family,,,
b1g_8XwiAQ81HSby,T10_OC_GT80_LE100_HHT3_O,esriFieldTypeInteger,,Owner occupied AND persons per room is greater than 1 AND household income is greater than 80% but less than or equal to 100% of HAMFI AND household type is non-family,,,
b1g_8XwiAQ81HSby,T10_OC_HHT3_O,esriFieldTypeInteger,,Owner occupied AND persons per room is greater than 1 AND household type is non-family,,,
b1g_8XwiAQ81HSby,T8_LE30,esriFieldTypeDouble,,Household income is less than or equal to 30% of HAMFI,,,
b1g_8XwiAQ81HSby,T1_LE30_HP,esriFieldTypeDouble,,Household income is less than or equal to 30% of HAMFI AND has 1 or more of the 4 housing unit problems,,,
b1g_8XwiAQ81HSby,T2_LE30_HP2,esriFieldTypeDouble,,Household income is less than or equal to 30% of HAMFI AND has 1 or more of the 4 severe housing unit problems,,,
b1g_8XwiAQ81HSby,T3_LE30_SUBST,esriFieldTypeInteger,,Household income is less than or equal to 30% of HAMFI AND lacking complete plumbing or kitchen facilities,,,
b1g_8XwiAQ81HSby,T10_LE30_OC,esriFieldTypeInteger,,Household income is less than or equal to 30% of HAMFI AND persons per room is greater than 1,,,
b1g_8XwiAQ81HSby,T8_LE30_CB,esriFieldTypeDouble,,Household income is less than or equal to 30% of HAMFI AND housing cost burden is greater than 30%,,,
b1g_8XwiAQ81HSby,T8_LE30_CB50,esriFieldTypeDouble,,Household income is less than or equal to 30% of HAMFI AND housing cost burden is greater than 50%,,,
b1g_8XwiAQ81HSby,T8_LE50,esriFieldTypeDouble,,Household income is less than or equal to 50% of HAMFI,,,
b1g_8XwiAQ81HSby,T1_LE50_HP,esriFieldTypeDouble,,Household income is less than or equal to 50% of HAMFI AND has 1 or more of the 4 housing unit problems,,,
b1g_8XwiAQ81HSby,T2_LE50_HP2,esriFieldTypeDouble,,Household income is less than or equal to 50% of HAMFI AND has 1 or more of the 4 severe housing unit problems,,,
b1g_8XwiAQ81HSby,T3_LE50_SUBST,esriFieldTypeInteger,,Household income is less than or equal to 50% of HAMFI AND lacking complete plumbing or kitchen facilities,,,
b1g_8XwiAQ81HSby,T10_LE50_OC,esriFieldTypeInteger,,Household income is less than or equal to 50% of HAMFI AND persons per room is greater than 1,,,
b1g_8XwiAQ81HSby,T8_LE50_CB,esriFieldTypeDouble,,Household income is less than or equal to 50% of HAMFI AND housing cost burden is greater than 30%,,,
b1g_8XwiAQ81HSby,T8_LE50_CB50,esriFieldTypeDouble,,Household income is less than or equal to 50% of HAMFI AND housing cost burden is greater than 50%,,,
b1g_8XwiAQ81HSby,T8_LE80,esriFieldTypeDouble,,Household income is less than or equal to 80% of HAMFI,,,
b1g_8XwiAQ81HSby,T1_LE80_HP,esriFieldTypeDouble,,Household income is less than or equal to 80% of HAMFI AND has 1 or more of the 4 housing unit problems,,,
b1g_8XwiAQ81HSby,T2_LE80_HP2,esriFieldTypeDouble,,Household income is less than or equal to 80% of HAMFI AND has 1 or more of the 4 severe housing unit problems,,,
b1g_8XwiAQ81HSby,T3_LE80_SUBST,esriFieldTypeInteger,,Household income is less than or equal to 80% of HAMFI AND lacking complete plumbing or kitchen facilities,,,
b1g_8XwiAQ81HSby,T10_LE80_OC,esriFieldTypeInteger,,Household income is less than or equal to 80% of HAMFI AND persons per room is greater than 1,,,
b1g_8XwiAQ81HSby,T8_LE80_CB,esriFieldTypeDouble,,Household income is less than or equal to 80% of HAMFI AND housing cost burden is greater than 30%,,,
b1g_8XwiAQ81HSby,T8_LE80_CB50,esriFieldTypeDouble,,Household income is less than or equal to 80% of HAMFI AND housing cost burden is greater than 50%,,,
b1g_8XwiAQ81HSby,T1_LE30_HP_PCT,esriFieldTypeDouble,,Percent of extremely low income households (household income less than or equal to 30% HAMFI) with any of the 4 housing problems,,,
b1g_8XwiAQ81HSby,T2_LE30_HP2_PCT,esriFieldTypeDouble,,Percent of extremely low income households (household income less than or equal to 30% HAMFI) with any of the 4 severe housing problems,,,
b1g_8XwiAQ81HSby,T3_LE30_SUBST_PCT,esriFieldTypeDouble,,Percent of extremely low income households (household income less than or equal to 30% HAMFI) without complete kitchen and plumbing,,,
b1g_8XwiAQ81HSby,T10_LE30_OC_PCT,esriFieldTypeDouble,,Percent of extremely low income households (household income less than or equal to 30% HAMFI) with more than one person per room,,,
b1g_8XwiAQ81HSby,T8_LE30_CB_PCT,esriFieldTypeDouble,,Percent of extremely low income households (household income less than or equal to 30% HAMFI) with cost burden over 30%,,,
b1g_8XwiAQ81HSby,T8_LE30_CB50_PCT,esriFieldTypeDouble,,Percent of extremely low income households (household income less than or equal to 30% HAMFI) with cost burden over 50%,,,
b1g_8XwiAQ81HSby,T1_LE50_HP_PCT,esriFieldTypeDouble,,Percent of low income households (household income less than or equal to 50% HAMFI) with any of the 4 housing problems,,,
b1g_8XwiAQ81HSby,T2_LE50_HP2_PCT,esriFieldTypeDouble,,Percent of low income households (household income less than or equal to 50% HAMFI) with any of the 4 severe housing problems,,,
b1g_8XwiAQ81HSby,T3_LE50_SUBST_PCT,esriFieldTypeDouble,,Percent of low income households (household income less than or equal to 50% HAMFI) without complete kitchen and plumbing,,,
b1g_8XwiAQ81HSby,T10_LE50_OC_PCT,esriFieldTypeDouble,,Percent of low income households (household income less than or equal to 50% HAMFI) with more than one person per room,,,
b1g_8XwiAQ81HSby,T8_LE50_CB_PCT,esriFieldTypeDouble,,Percent of low income households (household income less than or equal to 50% HAMFI) with cost burden over 30%,,,
b1g_8XwiAQ81HSby,T8_LE50_CB50_PCT,esriFieldTypeDouble,,Percent of low income households (household income less than or equal to 50% HAMFI) with cost burden over 50%,,,
b1g_8XwiAQ81HSby,T1_LE80_HP_PCT,esriFieldTypeDouble,,Percent of low and moderate income households (household income less than or equal to 80% HAMFI) with any of the 4 housing problems,,,
b1g_8XwiAQ81HSby,T2_LE80_HP2_PCT,esriFieldTypeDouble,,Percent of low and moderate income households (household income less than or equal to 80% HAMFI) with any of the 4 severe housing problems,,,
b1g_8XwiAQ81HSby,T3_LE80_SUBST_PCT,esriFieldTypeDouble,,Percent of low and moderate income households (household income less than or equal to 80% HAMFI) without complete kitchen and plumbing,,,
b1g_8XwiAQ81HSby,T10_LE80_OC_PCT,esriFieldTypeDouble,,Percent of low and moderate income households (household income less than or equal to 80% HAMFI) with more than one person per room,,,
b1g_8XwiAQ81HSby,T8_LE80_CB_PCT,esriFieldTypeDouble,,Percent of low and moderate income households (household income less than or equal to 80% HAMFI) with cost burden over 30%,,,
b1g_8XwiAQ81HSby,T8_LE80_CB50_PCT,esriFieldTypeDouble,,Percent of low and moderate income households (household income less than or equal to 80% HAMFI) with cost burden over 50%,,,
b1g_8XwiAQ81HSby,T7_SF_LE30,esriFieldTypeInteger,,"Household income is less than or equal to 30% of HAMFI AND household type is small family (2 persons, neither person 62 years or over, or 3 or 4 persons)",,,
b1g_8XwiAQ81HSby,T7_LF_LE30,esriFieldTypeInteger,,Household income is less than or equal to 30% of HAMFI AND household type is large family (5 or more persons),,,
b1g_8XwiAQ81HSby,T7_SF_GT30_LE50,esriFieldTypeInteger,,"Household income is greater than 30% but less than or equal to 50% of HAMFI AND household type is small family (2 persons, neither person 62 years or over, or 3 or 4 persons)",,,
b1g_8XwiAQ81HSby,T7_LF_GT30_LE50,esriFieldTypeInteger,,Household income is greater than 30% but less than or equal to 50% of HAMFI AND household type is large family (5 or more persons),,,
b1g_8XwiAQ81HSby,T7_SF_GT50_LE80,esriFieldTypeInteger,,"Household income is greater than 50% but less than or equal to 80% of HAMFI AND household type is small family (2 persons, neither person 62 years or over, or 3 or 4 persons)",,,
b1g_8XwiAQ81HSby,T7_LF_GT50_LE80,esriFieldTypeInteger,,Household income is greater than 50% but less than or equal to 80% of HAMFI AND household type is large family (5 or more persons),,,
b1g_8XwiAQ81HSby,T7_SF_GT80_LE100,esriFieldTypeDouble,,"Household income is greater than 80% but less than or equal to 100% of HAMFI AND household type is small family (2 persons, neither person 62 years or over, or 3 or 4 persons)",,,
b1g_8XwiAQ81HSby,T7_LF_GT80_LE100,esriFieldTypeInteger,,Household income is greater than 80% but less than or equal to 100% of HAMFI AND household type is large family (5 or more persons),,,
b1g_8XwiAQ81HSby,T7_SF_GT100,esriFieldTypeDouble,,"Household income is greater than 100% of HAMFI AND household type is small family (2 persons, neither person 62 years or over, or 3 or 4 persons)",,,
b1g_8XwiAQ81HSby,T7_LF_GT100,esriFieldTypeInteger,,Household income is greater than 100% of HAMFI AND household type is large family (5 or more persons),,,
b1g_8XwiAQ81HSby,T13_LE30_CHL,esriFieldTypeInteger,,Household income is less than or equal to 30% of HAMFI AND household contains 1 or more children age 6 or younger,,,
b1g_8XwiAQ81HSby,T13_GT30_LE50_CHL,esriFieldTypeInteger,,Household income is greater than 30% but less than or equal to 50% of HAMFI AND household contains 1 or more children age 6 or younger,,,
b1g_8XwiAQ81HSby,T13_GT50_LE80_CHL,esriFieldTypeInteger,,Household income is greater than 50% but less than or equal to 80% of HAMFI AND household contains 1 or more children age 6 or younger,,,
b1g_8XwiAQ81HSby,T13_GT80_LE100_CHL,esriFieldTypeDouble,,Household income is greater than 80% but less than or equal to 100% of HAMFI  AND household contains 1 or more children age 6 or younger,,,
b1g_8XwiAQ81HSby,T13_GT100_CHL,esriFieldTypeInteger,,Household income is greater than 100% of HAMFI  AND household contains 1 or more children age 6 or younger,,,
b1g_8XwiAQ81HSby,T5_LE30_ELD,esriFieldTypeInteger,,Household income is less than or equal to 30% of HAMFI AND household contains at least 1 person age 62-74 but no one age 75+,,,
b1g_8XwiAQ81HSby,T5_GT30_LE50_ELD,esriFieldTypeInteger,,Household income is greater than 30% but less than or equal to 50% of HAMFI AND household contains at least 1 person age 62-74 but no one age 75+,,,
b1g_8XwiAQ81HSby,T5_GT50_LE80_ELD,esriFieldTypeInteger,,Household income is greater than 50% but less than or equal to 80% of HAMFI AND household contains at least 1 person age 62-74 but no one age 75+,,,
b1g_8XwiAQ81HSby,T5_GT80_LE100_ELD,esriFieldTypeInteger,,Household income is greater than 80% but less than or equal to 100% of HAMFI AND household contains at least 1 person age 62-74 but no one age 75+,,,
b1g_8XwiAQ81HSby,T5_GT100_ELD,esriFieldTypeInteger,,Household income is greater than 100% of HAMFI AND household contains at least 1 person age 62-74 but no one age 75+,,,
b1g_8XwiAQ81HSby,T5_LE30_XELD,esriFieldTypeInteger,,Household income is less than or equal to 30% of HAMFI AND household contains at least 1 person age 75+,,,
b1g_8XwiAQ81HSby,T5_GT30_LE50_XELD,esriFieldTypeInteger,,Household income is greater than 30% but less than or equal to 50% of HAMFI AND household contains at least 1 person age 75+,,,
b1g_8XwiAQ81HSby,T5_GT50_LE80_XELD,esriFieldTypeInteger,,Household income is greater than 50% but less than or equal to 80% of HAMFI AND household contains at least 1 person age 75+,,,
b1g_8XwiAQ81HSby,T5_GT80_LE100_XELD,esriFieldTypeInteger,,Household income is greater than 80% but less than or equal to 100% of HAMFI AND household contains at least 1 person age 75+,,,
b1g_8XwiAQ81HSby,T5_GT100_XELD,esriFieldTypeInteger,,Household income is greater than 100% of HAMFI AND household contains at least 1 person age 75+,,,
b1g_8XwiAQ81HSby,T1_HP,esriFieldTypeDouble,,Has one of the 4 housing unit problems,,,
b1g_8XwiAQ81HSby,T2_HP2,esriFieldTypeDouble,,Has one of the 4 severe housing unit problems,,,
b1g_8XwiAQ81HSby,T3_SUBST,esriFieldTypeDouble,,Lacks complete plumbing or kitchen facilities,,,
b1g_8XwiAQ81HSby,T8_CB50,esriFieldTypeDouble,,Housing cost burden greater than 50%,,,
b1g_8XwiAQ81HSby,T8_CB,esriFieldTypeDouble,,Housing cost burden greater than 30%,,,
b1g_8XwiAQ81HSby,T8_EST23,esriFieldTypeInteger,,Owner occupied AND household income is greater than 30% but less than or equal to 50% of HAMFI AND housing cost burden is greater than 50%,,,
b1g_8XwiAQ81HSby,T8_EST89,esriFieldTypeInteger,,Renter occupied AND household income is greater than 30% but less than or equal to 50% of HAMFI AND housing cost burden is greater than 50%,,,
b1g_8XwiAQ81HSby,T8_GT30_LE50_CB50,esriFieldTypeInteger,,Household income is greater than 30% but less than or equal to 50% of HAMFI AND housing cost burden is greater than 50%,,,
b1g_8XwiAQ81HSby,T8_EST36,esriFieldTypeInteger,,Owner occupied AND household income is greater than 50% but less than or equal to 80% of HAMFI AND housing cost burden is greater than 50%,,,
b1g_8XwiAQ81HSby,T8_EST102,esriFieldTypeInteger,,Renter occupied AND household income is greater than 50% but less than or equal to 80% of HAMFI AND housing cost burden is greater than 50%,,,
b1g_8XwiAQ81HSby,T8_GT50_LE80_CB50,esriFieldTypeInteger,,Household income is greater than 50% but less than or equal to 80% of HAMFI AND housing cost burden is greater than 50%,,,
b1g_8XwiAQ81HSby,T8_EST49,esriFieldTypeInteger,,Owner occupied AND household income is greater than 80% but less than or equal to 100% of HAMFI AND housing cost burden is greater than 50%,,,
b1g_8XwiAQ81HSby,T8_EST115,esriFieldTypeInteger,,Renter occupied AND household income is greater than 80% but less than or equal to 100% of HAMFI AND housing cost burden is greater than 50%,,,
b1g_8XwiAQ81HSby,T8_GT80_LE100_CB50,esriFieldTypeInteger,,Household income is greater than 80% but less than or equal to 100% of HAMFI AND housing cost burden is greater than 50%,,,
b1g_8XwiAQ81HSby,T8_GT30_LE50_CB_O,esriFieldTypeInteger,,Owner occupied AND household income is greater than 30% but less than or equal to 50% of HAMFI AND housing cost burden is greater than 30%,,,
b1g_8XwiAQ81HSby,T8_GT30_LE50_CB_R,esriFieldTypeInteger,,Renter occupied AND household income is greater than 30% but less than or equal to 50% of HAMFI AND housing cost burden is greater than 30%,,,
b1g_8XwiAQ81HSby,T8_GT30_LE50_CB,esriFieldTypeDouble,,Household income is greater than 30% but less than or equal to 50% of HAMFI AND housing cost burden is greater than 30%,,,
b1g_8XwiAQ81HSby,T8_GT50_LE80_CB_O,esriFieldTypeInteger,,Owner occupied AND household income is greater than 50% but less than or equal to 80% of HAMFI AND housing cost burden is greater than 30%,,,
b1g_8XwiAQ81HSby,T8_GT50_LE80_CB_R,esriFieldTypeInteger,,Renter occupied AND household income is greater than 50% but less than or equal to 80% of HAMFI AND housing cost burden is greater than 30%,,,
b1g_8XwiAQ81HSby,T8_GT50_LE80_CB,esriFieldTypeDouble,,Household income is greater than 50% but less than or equal to 80% of HAMFI AND housing cost burden is greater than 30%,,,
b1g_8XwiAQ81HSby,T8_GT80_LE100_CB_O,esriFieldTypeInteger,,Owner occupied AND household income is greater than 80% but less than or equal to 100% of HAMFI AND housing cost burden is greater than 30%,,,
b1g_8XwiAQ81HSby,T8_GT80_LE100_CB_R,esriFieldTypeInteger,,Renter occupied AND household income is greater than 80% but less than or equal to 100% of HAMFI AND housing cost burden is greater than 30%,,,
b1g_8XwiAQ81HSby,T8_GT80_LE100_CB,esriFieldTypeInteger,,Household income is greater than 80% but less than or equal to 100% of HAMFI AND housing cost burden is greater than 30%,,,
b1g_8XwiAQ81HSby,T10_GT30_LE50_OC_O,esriFieldTypeInteger,,Owner occupied AND persons per room is greater than 1 AND household income is greater than 30% but less than or equal to 50% of HAMFI,,,
b1g_8XwiAQ81HSby,T10_GT30_LE50_OC_R,esriFieldTypeInteger,,Renter occupied AND persons per room is greater than 1 AND household income is greater than 30% but less than or equal to 50% of HAMFI,,,
b1g_8XwiAQ81HSby,T10_GT30_LE50_OC,esriFieldTypeInteger,,Persons per room is greater than 1 AND household income is greater than 30% but less than or equal to 50% of HAMFI,,,
b1g_8XwiAQ81HSby,T10_GT50_LE80_OC_O,esriFieldTypeInteger,,Owner occupied AND persons per room is greater than 1 AND household income is greater than 50% but less than or equal to 80% of HAMFI,,,
b1g_8XwiAQ81HSby,T10_GT50_LE80_OC_R,esriFieldTypeInteger,,Renter occupied AND persons per room is greater than 1 AND household income is greater than 50% but less than or equal to 80% of HAMFI,,,
b1g_8XwiAQ81HSby,T10_GT50_LE80_OC,esriFieldTypeInteger,,Persons per room is greater than 1 AND household income is greater than 50% but less than or equal to 80% of HAMFI,,,
b1g_8XwiAQ81HSby,T10_GT80_LE100_OC_O,esriFieldTypeInteger,,Owner occupied AND persons per room is greater than 1 AND household income is greater than 80% but less than or equal to 100% of HAMFI,,,
b1g_8XwiAQ81HSby,T10_GT80_LE100_OC_R,esriFieldTypeInteger,,Renter occupied AND persons per room is greater than 1 AND household income is greater than 80% but less than or equal to 100% of HAMFI,,,
b1g_8XwiAQ81HSby,T10_GT80_LE100_OC,esriFieldTypeInteger,,Persons per room is greater than 1 AND household income is greater than 80% but less than or equal to 100% of HAMFI,,,
b1g_8XwiAQ81HSby,T8_GT30_LE50,esriFieldTypeDouble,,Household income is greater than 30% but less than or equal to 50% of HAMFI,,,
b1g_8XwiAQ81HSby,T8_GT50_LE80,esriFieldTypeDouble,,Household income is greater than 50% but less than or equal to 80% of HAMFI,,,
b1g_8XwiAQ81HSby,T8_GT80_LE100,esriFieldTypeDouble,,Household income is greater than 80% but less than or equal to 100% of HAMFI,,,
b1g_8XwiAQ81HSby,T8_GT100,esriFieldTypeDouble,,Household income is greater than 100% of HAMFI,,,
b1g_8XwiAQ81HSby,T8_LE100,esriFieldTypeDouble,,Household income is less than or equal to 100% of HAMFI,,,
b1g_8XwiAQ81HSby,T13_LBP1,esriFieldTypeDouble,,Structure built in 1979 or earlier AND household contains 1 or more children age 6 or younger,,,
b1g_8XwiAQ81HSby,T13_LBP2,esriFieldTypeDouble,,Owner occupiedStructure built in 1979 or earlier AND household contains 1 or more children age 6 or younger,,,
b1g_8XwiAQ81HSby,T13_LBP3,esriFieldTypeDouble,,Renter occupiedStructure built in 1979 or earlier AND household contains 1 or more children age 6 or younger,,,
b1g_8XwiAQ81HSby,T10_HOMELESS_RISK1,esriFieldTypeInteger,,Renter occupied AND persons per room is greater than 1 AND household income is less than or equal to 50% of HAMFI AND household type at risk of homelessness (non-family household or family household with at least one subfamily),,,
b1g_8XwiAQ81HSby,T8_LE30_PCT,esriFieldTypeDouble,,Percent of all households with household income less than or equal to 30% of HAMFI (extremely low income),,,
b1g_8XwiAQ81HSby,T8_LE50_PCT,esriFieldTypeDouble,,Percent of all households with household income less than or equal to 50% of HAMFI (low income),,,
b1g_8XwiAQ81HSby,T8_LE80_PCT,esriFieldTypeDouble,,Percent of all households with household income less than or equal to 80% of HAMFI (moderate income),,,
b1g_8XwiAQ81HSby,T8_LE100_PCT,esriFieldTypeDouble,,Percent of all households with household income less than or equal to 100% of HAMFI,,,
b1g_8XwiAQ81HSby,T3_SUBST_PCT,esriFieldTypeDouble,,Percent of all households without complete kitchen and plumbing,,,
b1g_8XwiAQ81HSby,T1_HP_PCT,esriFieldTypeDouble,,Percent of all households with any of the 4 housing problems,,,
b1g_8XwiAQ81HSby,T2_HP2_PCT,esriFieldTypeDouble,,Percent of all households with any of the 4 severe housing problems,,,
b1g_8XwiAQ81HSby,T8_CB50_PCT,esriFieldTypeDouble,,Percent of all households with cost burden over 50%,,,
b1g_8XwiAQ81HSby,T8_CB_PCT,esriFieldTypeDouble,,Percent of all households with cost burden over 30%,,,
b1g_8XwiAQ81HSby,AFF_AVAIL_30_R,esriFieldTypeInteger,,Renter occupied OR vacant for rent AND gross rent would be affordable to a household with income equal to 30% of HAMFI AND unit is vacant (available) or occupied by a household with income less than or equal to 30% of HAMFI.,,,
b1g_8XwiAQ81HSby,AFF_AVAIL_50_R,esriFieldTypeInteger,,Renter occupied OR vacant for rent AND gross rent would be affordable to a household with income equal to 50% of HAMFI AND unit is vacant (available) or occupied by a household with income less than or equal to 50% of HAMFI.,,,
b1g_8XwiAQ81HSby,AFF_AVAIL_80_R,esriFieldTypeDouble,,Renter occupied OR vacant for rent AND gross rent would be affordable to a household with income equal to 80% of HAMFI AND unit is vacant (available) or occupied by a household with income less than or equal to 80% of HAMFI.,,,
b1g_8XwiAQ81HSby,AFF_AVAIL_50_O,esriFieldTypeInteger,,Owner occupied OR vacant for sale AND home value would be affordable to a household with income equal to 50% of HAMFI AND unit is vacant (available) or occupied by a household with income less than or equal to 50% of HAMFI.,,,
b1g_8XwiAQ81HSby,AFF_AVAIL_80_O,esriFieldTypeDouble,,Owner occupied OR vacant for sale AND home value would be affordable to a household with income equal to 80% of HAMFI AND unit is vacant (available) or occupied by a household with income less than or equal to 80% of HAMFI.,,,
b1g_8XwiAQ81HSby,AFF_AVAIL_100_O,esriFieldTypeDouble,,Owner occupied OR vacant for sale AND home value would be affordable to a household with income equal to 100% of HAMFI AND unit is vacant (available) or occupied by a household with income less than or equal to 100% of HAMFI.,,,
b1g_8XwiAQ81HSby,RENT_DENOM,esriFieldTypeDouble,,Renter occupied OR vacant for rent,,,
b1g_8XwiAQ81HSby,OWN_DENOM,esriFieldTypeDouble,,Owner occupied OR vacant for sale,,,
b1g_8XwiAQ81HSby,AFF_AVAIL_30_R_PCT,esriFieldTypeDouble,,AFF_AVAIL_30_R as a percentage of all renter occupied or vacant-for-rent units,,,
b1g_8XwiAQ81HSby,AFF_AVAIL_50_R_PCT,esriFieldTypeDouble,,AFF_AVAIL_50_R as a percentage of all renter occupied or vacant-for-rent units,,,
b1g_8XwiAQ81HSby,AFF_AVAIL_80_R_PCT,esriFieldTypeDouble,,AFF_AVAIL_80_R as a percentage of all renter occupied or vacant-for-rent units,,,
b1g_8XwiAQ81HSby,AFF_AVAIL_50_O_PCT,esriFieldTypeDouble,,AFF_AVAIL_50_O as a percentage of all owner occupied or vacant-for-sale units,,,
b1g_8XwiAQ81HSby,AFF_AVAIL_80_O_PCT,esriFieldTypeDouble,,AFF_AVAIL_80_O as a percentage of all owner occupied or vacant-for-sale units,,,
b1g_8XwiAQ81HSby,AFF_AVAIL_100_O_PCT,esriFieldTypeDouble,,AFF_AVAIL_100_O as a percentage of all owner occupied or vacant-for-sale units,,,
b1g_8XwiAQ81HSby,T7_GT80_LE100_SF_CB_R,esriFieldTypeInteger,,"Renter occupied AND household income is greater than 80% but less than or equal to 100% of HAMFI AND household type is small family (2 persons, neither person 62 years or over, or 3 or 4 persons) AND housing cost burden is greater than 30%",,,
b1g_8XwiAQ81HSby,T7_GT100_SF_CB_R,esriFieldTypeInteger,,"Renter occupied AND household income is greater than 100% of HAMFI AND household type is small family (2 persons, neither person 62 years or over, or 3 or 4 persons) AND housing cost burden is greater than 30%",,,
b1g_8XwiAQ81HSby,T7_GT80_LE100_SF_CB_O,esriFieldTypeInteger,,"Owner occupied AND household income is greater than 80% but less than or equal to 100% of HAMFI AND household type is small family (2 persons, neither person 62 years or over, or 3 or 4 persons) AND housing cost burden is greater than 30%",,,
b1g_8XwiAQ81HSby,T7_GT100_SF_CB_O,esriFieldTypeInteger,,"Owner occupied AND household income is greater than 100% of HAMFI AND household type is small family (2 persons, neither person 62 years or over, or 3 or 4 persons) AND housing cost burden is greater than 30%",,,
b1g_8XwiAQ81HSby,T7_GT80_LE100_LF_CB_R,esriFieldTypeInteger,,Renter occupied AND household income is greater than 80% but less than or equal to 100% of HAMFI AND household type is large family (5 or more persons) AND housing cost burden is greater than 30%,,,
b1g_8XwiAQ81HSby,T7_GT100_LF_CB_R,esriFieldTypeInteger,,Renter occupied AND household income is greater than 100% of HAMFI AND household type is large family (5 or more persons) AND housing cost burden is greater than 30%,,,
b1g_8XwiAQ81HSby,T7_GT80_LE100_LF_CB_O,esriFieldTypeInteger,,Owner occupied AND household income is greater than 80% but less than or equal to 100% of HAMFI AND household type is large family (5 or more persons) AND housing cost burden is greater than 30%,,,
b1g_8XwiAQ81HSby,T7_GT100_LF_CB_O,esriFieldTypeInteger,,Owner occupied AND household income is greater than 100% of HAMFI AND household type is large family (5 or more persons) AND housing cost burden is greater than 30%,,,
b1g_8XwiAQ81HSby,T7_GT80_LE100_ELD_CB_R,esriFieldTypeInteger,,"Renter occupied AND household income is greater than 80% but less than or equal to 100% of HAMFI AND household type is elderly (elderly non-family household or family household with 2 people, at least one of which is elderly) AND housing cost burden is greater than 30%",,,
b1g_8XwiAQ81HSby,T7_GT100_ELD_CB_R,esriFieldTypeInteger,,"Renter occupied AND household income is greater than 100% of HAMFI AND household type is elderly (elderly non-family household or family household with 2 people, at least one of which is elderly) AND housing cost burden is greater than 30%",,,
b1g_8XwiAQ81HSby,T7_GT80_LE100_ELD_CB_O,esriFieldTypeInteger,,"Owner occupied AND household income is greater than 80% but less than or equal to 100% of HAMFI AND household type is elderly (elderly non-family household or family household with 2 people, at least one of which is elderly) AND housing cost burden is greater than 30%",,,
b1g_8XwiAQ81HSby,T7_GT100_ELD_CB_O,esriFieldTypeInteger,,"Owner occupied AND household income is greater than 100% of HAMFI AND household type is elderly (elderly non-family household or family household with 2 people, at least one of which is elderly) AND housing cost burden is greater than 30%",,,
b1g_8XwiAQ81HSby,T7_GT80_LE100_OTHER_CB_R,esriFieldTypeInteger,,Renter occupied AND household income is greater than 80% but less than or equal to 100% of HAMFI AND other household type (non-elderly non-family) AND housing cost burden is greater than 30%,,,
b1g_8XwiAQ81HSby,T7_GT100_OTHER_CB_R,esriFieldTypeInteger,,Renter occupied AND household income is greater than 100% of HAMFI AND other household type (non-elderly non-family) AND housing cost burden is greater than 30%,,,
b1g_8XwiAQ81HSby,T7_GT80_LE100_OTHER_CB_O,esriFieldTypeInteger,,Owner occupied AND household income is greater than 80% but less than or equal to 100% of HAMFI AND other household type (non-elderly non-family) AND housing cost burden is greater than 30%,,,
b1g_8XwiAQ81HSby,T7_GT100_OTHER_CB_O,esriFieldTypeInteger,,Owner occupied AND household income is greater than 100% of HAMFI AND other household type (non-elderly non-family) AND housing cost burden is greater than 30%,,,
b1g_8XwiAQ81HSby,T7_GT80_LE100_ELD_CB50_R,esriFieldTypeInteger,,"Renter occupied AND household income is greater than 80% but less than or equal to 100% of HAMFI AND household type is elderly (elderly non-family household or family household with 2 people, at least one of which is elderly) AND housing cost burden is greater than 50%",,,
b1g_8XwiAQ81HSby,T7_GT100_ELD_CB50_R,esriFieldTypeInteger,,"Renter occupied AND household income is greater than 100% of HAMFI AND household type is elderly (elderly non-family household or family household with 2 people, at least one of which is elderly) AND housing cost burden is greater than 50%",,,
b1g_8XwiAQ81HSby,T7_GT80_LE100_ELD_CB50_O,esriFieldTypeInteger,,"Owner occupied AND household income is greater than 80% but less than or equal to 100% of HAMFI AND household type is elderly (elderly non-family household or family household with 2 people, at least one of which is elderly) AND housing cost burden is greater than 50%",,,
b1g_8XwiAQ81HSby,T7_GT100_ELD_CB50_O,esriFieldTypeInteger,,"Owner occupied AND household income is greater than 100% of HAMFI AND household type is elderly (elderly non-family household or family household with 2 people, at least one of which is elderly) AND housing cost burden is greater than 50%",,,
b1g_8XwiAQ81HSby,T7_EST221,esriFieldTypeInteger,,"Renter occupied AND household income is greater than 80% but less than or equal to 100% of HAMFI AND household type is small family (2 persons, neither person 62 years or over, or 3 or 4 persons) AND housing cost burden is greater than 50%",,,
b1g_8XwiAQ81HSby,T7_EST247,esriFieldTypeInteger,,"Renter occupied AND household income is greater than 100% of HAMFI AND household type is small family (2 persons, neither person 62 years or over, or 3 or 4 persons) AND housing cost burden is greater than 50%",,,
b1g_8XwiAQ81HSby,T7_EST90,esriFieldTypeInteger,,"Owner occupied AND household income is greater than 80% but less than or equal to 100% of HAMFI AND household type is small family (2 persons, neither person 62 years or over, or 3 or 4 persons) AND housing cost burden is greater than 50%",,,
b1g_8XwiAQ81HSby,T7_EST116,esriFieldTypeInteger,,"Owner occupied AND household income is greater than 100% of HAMFI AND household type is small family (2 persons, neither person 62 years or over, or 3 or 4 persons) AND housing cost burden is greater than 50%",,,
b1g_8XwiAQ81HSby,T7_EST226,esriFieldTypeInteger,,Renter occupied AND household income is greater than 80% but less than or equal to 100% of HAMFI AND household type is large family (5 or more persons) AND housing cost burden is greater than 50%,,,
b1g_8XwiAQ81HSby,T7_EST252,esriFieldTypeInteger,,Renter occupied AND household income is greater than 100% of HAMFI AND household type is large family (5 or more persons) AND housing cost burden is greater than 50%,,,
b1g_8XwiAQ81HSby,T7_EST95,esriFieldTypeInteger,,Owner occupied AND household income is greater than 80% but less than or equal to 100% of HAMFI AND household type is large family (5 or more persons) AND housing cost burden is greater than 50%,,,
b1g_8XwiAQ81HSby,T7_EST121,esriFieldTypeInteger,,Owner occupied AND household income is greater than 100% of HAMFI AND household type is large family (5 or more persons) AND housing cost burden is greater than 50%,,,
b1g_8XwiAQ81HSby,T7_EST236,esriFieldTypeInteger,,Renter occupied AND household income is greater than 80% but less than or equal to 100% of HAMFI AND other household type (non-elderly non-family) AND housing cost burden is greater than 50%,,,
b1g_8XwiAQ81HSby,T7_EST262,esriFieldTypeInteger,,Renter occupied AND household income is greater than 100% of HAMFI AND other household type (non-elderly non-family) AND housing cost burden is greater than 50%,,,
b1g_8XwiAQ81HSby,T7_EST105,esriFieldTypeInteger,,Owner occupied AND household income is greater than 80% but less than or equal to 100% of HAMFI AND other household type (non-elderly non-family) AND housing cost burden is greater than 50%,,,
b1g_8XwiAQ81HSby,T7_EST131,esriFieldTypeInteger,,Owner occupied AND household income is greater than 100% of HAMFI AND other household type (non-elderly non-family) AND housing cost burden is greater than 50%,,,
b1g_8XwiAQ81HSby,T8_LE30_CB_O,esriFieldTypeInteger,,Owner occupied AND household income is less than or equal to 30% of HAMFI AND housing cost burden is greater than 30%,,,
b1g_8XwiAQ81HSby,T8_LE30_CB_R,esriFieldTypeInteger,,Renter occupied AND household income is less than or equal to 30% of HAMFI AND housing cost burden is greater than 30%,,,
b1g_8XwiAQ81HSby,T13_LE30_CHL_R,esriFieldTypeInteger,,Renter occupiedHousehold income is less than or equal to 30% of HAMFI AND household contains 1 or more children age 6 or younger,,,
b1g_8XwiAQ81HSby,T13_GT30_LE50_CHL_R,esriFieldTypeInteger,,Renter occupiedHousehold income is greater than 30% but less than or equal to 50% of HAMFI AND household contains 1 or more children age 6 or younger,,,
b1g_8XwiAQ81HSby,T13_GT50_LE80_CHL_R,esriFieldTypeInteger,,Renter occupiedHousehold income is greater than 50% but less than or equal to 80% of HAMFI AND household contains 1 or more children age 6 or younger,,,
b1g_8XwiAQ81HSby,T13_GT80_LE100_CHL_R,esriFieldTypeInteger,,Renter occupiedHousehold income is greater than 80% but less than or equal to 100% of HAMFI  AND household contains 1 or more children age 6 or younger,,,
b1g_8XwiAQ81HSby,T13_GT100_CHL_R,esriFieldTypeInteger,,Renter occupiedHousehold income is greater than 100% of HAMFI  AND household contains 1 or more children age 6 or younger,,,
b1g_8XwiAQ81HSby,T13_CHL_R,esriFieldTypeDouble,,Renter occupied AND household contains 1 or more children age 6 or younger,,,
b1g_8XwiAQ81HSby,T13_LE30_CHL_O,esriFieldTypeInteger,,Owner occupiedHousehold income is less than or equal to 30% of HAMFI AND household contains 1 or more children age 6 or younger,,,
b1g_8XwiAQ81HSby,T13_GT30_LE50_CHL_O,esriFieldTypeInteger,,Owner occupiedHousehold income is greater than 30% but less than or equal to 50% of HAMFI AND household contains 1 or more children age 6 or younger,,,
b1g_8XwiAQ81HSby,T13_GT50_LE80_CHL_O,esriFieldTypeInteger,,Owner occupiedHousehold income is greater than 50% but less than or equal to 80% of HAMFI AND household contains 1 or more children age 6 or younger,,,
b1g_8XwiAQ81HSby,T13_GT80_LE100_CHL_O,esriFieldTypeInteger,,Owner occupiedHousehold income is greater than 80% but less than or equal to 100% of HAMFI  AND household contains 1 or more children age 6 or younger,,,
b1g_8XwiAQ81HSby,T13_GT100_CHL_O,esriFieldTypeInteger,,Owner occupiedHousehold income is greater than 100% of HAMFI  AND household contains 1 or more children age 6 or younger,,,
b1g_8XwiAQ81HSby,T13_CHL_O,esriFieldTypeInteger,,Owner occupied AND household contains 1 or more children age 6 or younger,,,
b1g_8XwiAQ81HSby,T5_LE30_ELD_R,esriFieldTypeInteger,,Renter occupied AND household income is less than or equal to 30% of HAMFI AND household contains at least 1 person age 62-74 but no one age 75+,,,
b1g_8XwiAQ81HSby,T5_GT30_LE50_ELD_R,esriFieldTypeInteger,,Renter occupied AND household income is greater than 30% but less than or equal to 50% of HAMFI AND household contains at least 1 person age 62-74 but no one age 75+,,,
b1g_8XwiAQ81HSby,T5_GT50_LE80_ELD_R,esriFieldTypeInteger,,Renter occupied AND household income is greater than 50% but less than or equal to 80% of HAMFI AND household contains at least 1 person age 62-74 but no one age 75+,,,
b1g_8XwiAQ81HSby,T5_GT80_LE100_ELD_R,esriFieldTypeInteger,,Renter occupied AND household income is greater than 80% but less than or equal to 100% of HAMFI AND household contains at least 1 person age 62-74 but no one age 75+,,,
b1g_8XwiAQ81HSby,T5_GT100_ELD_R,esriFieldTypeInteger,,Renter occupied AND household income is greater than 100% of HAMFI AND household contains at least 1 person age 62-74 but no one age 75+,,,
b1g_8XwiAQ81HSby,T5_LE30_XELD_R,esriFieldTypeInteger,,Renter occupied AND household income is less than or equal to 30% of HAMFI AND household contains at least 1 person age 75+,,,
b1g_8XwiAQ81HSby,T5_GT30_LE50_XELD_R,esriFieldTypeInteger,,Renter occupied AND household income is greater than 30% but less than or equal to 50% of HAMFI AND household contains at least 1 person age 75+,,,
b1g_8XwiAQ81HSby,T5_GT50_LE80_XELD_R,esriFieldTypeInteger,,Renter occupied AND household income is greater than 50% but less than or equal to 80% of HAMFI AND household contains at least 1 person age 75+,,,
b1g_8XwiAQ81HSby,T5_GT80_LE100_XELD_R,esriFieldTypeInteger,,Renter occupied AND household income is greater than 80% but less than or equal to 100% of HAMFI AND household contains at least 1 person age 75+,,,
b1g_8XwiAQ81HSby,T5_GT100_XELD_R,esriFieldTypeInteger,,Renter occupied AND household income is greater than 100% of HAMFI AND household contains at least 1 person age 75+,,,
b1g_8XwiAQ81HSby,T5_LE30_ELD_O,esriFieldTypeInteger,,Owner occupied AND household income is less than or equal to 30% of HAMFI AND household contains at least 1 person age 62-74 but no one age 75+,,,
b1g_8XwiAQ81HSby,T5_GT30_LE50_ELD_O,esriFieldTypeInteger,,Owner occupied AND household income is greater than 30% but less than or equal to 50% of HAMFI AND household contains at least 1 person age 62-74 but no one age 75+,,,
b1g_8XwiAQ81HSby,T5_GT50_LE80_ELD_O,esriFieldTypeInteger,,Owner occupied AND household income is greater than 50% but less than or equal to 80% of HAMFI AND household contains at least 1 person age 62-74 but no one age 75+,,,
b1g_8XwiAQ81HSby,T5_GT80_LE100_ELD_O,esriFieldTypeInteger,,Owner occupied AND household income is greater than 80% but less than or equal to 100% of HAMFI AND household contains at least 1 person age 62-74 but no one age 75+,,,
b1g_8XwiAQ81HSby,T5_GT100_ELD_O,esriFieldTypeInteger,,Owner occupied AND household income is greater than 100% of HAMFI AND household contains at least 1 person age 62-74 but no one age 75+,,,
b1g_8XwiAQ81HSby,T5_LE30_XELD_O,esriFieldTypeInteger,,Owner occupied AND household income is less than or equal to 30% of HAMFI AND household contains at least 1 person age 75+,,,
b1g_8XwiAQ81HSby,T5_GT30_LE50_XELD_O,esriFieldTypeInteger,,Owner occupied AND household income is greater than 30% but less than or equal to 50% of HAMFI AND household contains at least 1 person age 75+,,,
b1g_8XwiAQ81HSby,T5_GT50_LE80_XELD_O,esriFieldTypeInteger,,Owner occupied AND household income is greater than 50% but less than or equal to 80% of HAMFI AND household contains at least 1 person age 75+,,,
b1g_8XwiAQ81HSby,T5_GT80_LE100_XELD_O,esriFieldTypeInteger,,Owner occupied AND household income is greater than 80% but less than or equal to 100% of HAMFI AND household contains at least 1 person age 75+,,,
b1g_8XwiAQ81HSby,T5_GT100_XELD_O,esriFieldTypeInteger,,Owner occupied AND household income is greater than 100% of HAMFI AND household contains at least 1 person age 75+,,,
b1g_8XwiAQ81HSby,SF_ELI_CB50_R,esriFieldTypeInteger,,"Renter occupied AND household income is less than or equal to 30% of HAMFI AND household type is small family (2 persons, neither person 62 years or over, or 3 or 4 persons) AND housing cost burden is greater than 50%",,,
b1g_8XwiAQ81HSby,SF_LI_CB50_R,esriFieldTypeInteger,,"Renter occupied AND household income is greater than 30% but less than or equal to 50% of HAMFI AND household type is small family (2 persons, neither person 62 years or over, or 3 or 4 persons) AND housing cost burden is greater than 50%",,,
b1g_8XwiAQ81HSby,SF_MI_CB50_R,esriFieldTypeInteger,,"Renter occupied AND household income is greater than 50% but less than or equal to 80% of HAMFI AND household type is small family (2 persons, neither person 62 years or over, or 3 or 4 persons) AND housing cost burden is greater than 50%",,,
b1g_8XwiAQ81HSby,LF_ELI_CB50_R,esriFieldTypeInteger,,Renter occupied AND household income is less than or equal to 30% of HAMFI AND household type is large family (5 or more persons) AND housing cost burden is greater than 50%,,,
b1g_8XwiAQ81HSby,LF_LI_CB50_R,esriFieldTypeInteger,,Renter occupied AND household income is greater than 30% but less than or equal to 50% of HAMFI AND household type is large family (5 or more persons) AND housing cost burden is greater than 50%,,,
b1g_8XwiAQ81HSby,LF_MI_CB50_R,esriFieldTypeInteger,,Renter occupied AND household income is greater than 50% but less than or equal to 80% of HAMFI AND household type is large family (5 or more persons) AND housing cost burden is greater than 50%,,,
b1g_8XwiAQ81HSby,SF_ELI_CB50_O,esriFieldTypeInteger,,Owner occupied AND household income is less than or equal to 30% of HAMFI AND household type is large family (5 or more persons) AND housing cost burden is greater than 50%,,,
b1g_8XwiAQ81HSby,SF_LI_CB50_O,esriFieldTypeInteger,,Owner occupied AND household income is greater than 30% but less than or equal to 50% of HAMFI AND household type is large family (5 or more persons) AND housing cost burden is greater than 50%,,,
b1g_8XwiAQ81HSby,SF_MI_CB50_O,esriFieldTypeInteger,,Owner occupied AND household income is greater than 50% but less than or equal to 80% of HAMFI AND household type is large family (5 or more persons) AND housing cost burden is greater than 50%,,,
b1g_8XwiAQ81HSby,LF_ELI_CB50_O,esriFieldTypeInteger,,Renter occupied AND household income is less than or equal to 30% of HAMFI AND other household type (non-elderly non-family) AND housing cost burden is greater than 50%,,,
b1g_8XwiAQ81HSby,LF_LI_CB50_O,esriFieldTypeInteger,,Renter occupied AND household income is greater than 30% but less than or equal to 50% of HAMFI AND other household type (non-elderly non-family) AND housing cost burden is greater than 50%,,,
b1g_8XwiAQ81HSby,LF_MI_CB50_O,esriFieldTypeInteger,,Renter occupied AND household income is greater than 50% but less than or equal to 80% of HAMFI AND other household type (non-elderly non-family) AND housing cost burden is greater than 50%,,,
b1g_8XwiAQ81HSby,Shape__Area,esriFieldTypeDouble,,,,,
b1g_8XwiAQ81HSby,Shape__Length,esriFieldTypeDouble,,,,,
